제품대분류,지역,매출액,수량,이익
Furniture,South,261.96,2.0,41.9136
Office Supplies,West,99.3,10.0,41.706
Furniture,South,8.8,5.0,3.872
Furniture,West,48.86,7.0,14.1694
Office Supplies,West,7.28,4.0,1.9656
Office Supplies,East,51.45,3.0,13.8915
Furniture,West,1706.184,9.0,85.3092
Office Supplies,West,407.976,3.0,132.5922
Office Supplies,Central,10.43,5.0,-18.2525
Furniture,East,14.89,1.0,4.0203
Technology,West,213.48,3.0,16.011
Office Supplies,East,36.4,5.0,17.472
Office Supplies,South,34.236,4.0,-26.2476
Office Supplies,West,11.648,2.0,4.2224
Office Supplies,East,9.618,2.0,-7.0532
Office Supplies,East,86.304,6.0,9.7092
Technology,South,1299.99,2.0,-571.9956
Technology,Central,45.98,2.0,19.7714
Office Supplies,Central,211.96,4.0,8.4784
Technology,East,45.0,3.0,4.95
Office Supplies,East,43.92,3.0,12.7368
Furniture,Central,6.16,2.0,2.9568
Office Supplies,East,15.26,7.0,6.2566
Office Supplies,East,208.56,6.0,52.14
Office Supplies,East,14.56,2.0,6.9888
Technology,West,29.925,5.0,-21.945
Furniture,East,458.43,5.0,-124.431
Office Supplies,East,12.24,6.0,5.7528
Office Supplies,West,87.84,8.0,23.7168
Office Supplies,South,15.57,3.0,-11.418
Office Supplies,West,1113.024,8.0,111.3024
Technology,West,167.968,4.0,62.988
Office Supplies,South,75.88,2.0,35.6636
Office Supplies,East,4.616,1.0,1.731
Office Supplies,Central,19.05,3.0,8.763
Office Supplies,West,55.86,7.0,27.93
Office Supplies,Central,81.54,3.0,38.3238
Office Supplies,West,18.368,4.0,5.9696
Technology,Central,43.56,3.0,-4.9005
Office Supplies,West,21.39,1.0,6.2031
Office Supplies,West,12.96,2.0,6.2208
Technology,West,73.584,2.0,8.2782
Office Supplies,Central,12.96,2.0,6.2208
Furniture,East,54.768,2.0,6.846
Furniture,East,96.53,7.0,40.5426
Office Supplies,West,51.312,3.0,17.9592
Technology,Central,95.976,3.0,-10.7973
Office Supplies,Central,23.92,4.0,11.7208
Office Supplies,East,184.66,7.0,84.9436
Technology,Central,207.984,2.0,36.3972
Technology,Central,431.976,3.0,32.3982
Office Supplies,East,23.976,3.0,7.4925
Office Supplies,East,130.464,6.0,44.0316
Office Supplies,East,30.84,4.0,13.878
Furniture,Central,600.558,3.0,-8.5794
Furniture,Central,617.7,6.0,-407.682
Furniture,East,396.92,4.0,198.46
Furniture,West,238.56,3.0,26.2416
Office Supplies,East,21.456,9.0,6.9732
Office Supplies,West,11.52,4.0,3.456
Office Supplies,East,31.05,3.0,14.904
Technology,South,55.984,2.0,4.1988
Furniture,East,191.82,3.0,61.3824
Office Supplies,West,6.48,1.0,3.1104
Office Supplies,West,19.05,3.0,8.763
Technology,Central,384.45,11.0,103.8015
Technology,Central,149.97,3.0,5.9988
Office Supplies,West,37.17,9.0,11.151
Office Supplies,West,80.88,6.0,21.0288
Technology,Central,125.7,6.0,35.196
Furniture,East,542.94,3.0,141.1644
Office Supplies,Central,115.84,8.0,54.4448
Technology,East,89.95,5.0,43.176
Technology,East,54.384,2.0,1.3596
Office Supplies,West,28.4,5.0,13.348
Office Supplies,West,27.68,2.0,9.688
Office Supplies,Central,275.928,3.0,-58.6347
Furniture,West,215.976,3.0,-2.6997
Technology,Central,143.976,3.0,8.9985
Furniture,West,340.144,7.0,21.259
Office Supplies,Central,52.448,2.0,-131.12
Technology,East,99.6,1.0,36.852
Furniture,East,396.802,7.0,-11.3372
Technology,Central,408.744,7.0,76.6395
Technology,South,503.96,4.0,131.0296
Office Supplies,Central,44.4,3.0,22.2
Technology,East,71.76,6.0,20.0928
Office Supplies,East,19.9,5.0,6.567
Technology,West,139.8,5.0,12.2325
Office Supplies,West,238.62,2.0,4.7724
Office Supplies,Central,18.84,5.0,-3.5325
Office Supplies,East,21.744,3.0,6.795
Furniture,West,218.75,2.0,-161.875
Office Supplies,West,2.6,1.0,0.2925
Technology,West,444.768,4.0,44.4768
Office Supplies,Central,52.29,9.0,16.2099
Technology,South,629.95,5.0,176.386
Technology,Central,20.8,2.0,6.5
Office Supplies,West,10.98,1.0,2.9646
Technology,East,1188.0,9.0,-950.4
Office Supplies,East,19.776,4.0,-13.8432
Office Supplies,Central,2.2,1.0,0.968
Furniture,South,233.86,2.0,-102.048
Furniture,South,620.6145,3.0,-248.2458
Office Supplies,East,196.21,7.0,98.105
Office Supplies,East,45.528,3.0,15.9348
Furniture,Central,2001.86,7.0,580.5394
Furniture,West,321.568,2.0,28.1372
Office Supplies,West,7.61,1.0,3.5767
Technology,West,43.6,5.0,4.36
Office Supplies,Central,82.368,2.0,-19.5624
Office Supplies,Central,53.92,5.0,4.044
Office Supplies,Central,7.896,3.0,2.4675
Office Supplies,Central,1.624,2.0,-4.466
Technology,South,299.97,3.0,125.9874
Office Supplies,West,725.84,4.0,210.4936
Office Supplies,West,323.1,2.0,61.389
Office Supplies,Central,129.552,3.0,-22.6716
Office Supplies,West,8.82,2.0,4.0572
Office Supplies,East,18.176,4.0,5.9072
Office Supplies,East,59.712,6.0,5.9712
Office Supplies,East,24.84,3.0,8.694
Furniture,West,1038.84,5.0,51.942
Office Supplies,West,141.76,5.0,47.844
Office Supplies,East,286.86,7.0,80.3208
Office Supplies,South,122.94,3.0,59.0112
Office Supplies,East,18.496,8.0,6.2424
Technology,East,255.984,2.0,54.3966
Furniture,West,300.416,8.0,78.8592
Office Supplies,East,30.88,2.0,15.44
Technology,South,239.92,8.0,23.992
Office Supplies,West,71.92,4.0,20.8568
Office Supplies,East,56.91,3.0,27.3168
Furniture,East,77.6,4.0,38.024
Office Supplies,Central,9.84,3.0,2.8536
Technology,West,775.728,6.0,58.1796
Office Supplies,South,14.94,3.0,7.1712
Office Supplies,West,8.288,2.0,3.0044
Office Supplies,West,6.264,3.0,2.0358
Office Supplies,South,15.552,3.0,5.4432
Office Supplies,East,99.136,4.0,8.6744
Office Supplies,Central,541.24,4.0,5.4124
Office Supplies,East,43.57,1.0,13.071
Office Supplies,West,251.52,6.0,81.744
Office Supplies,Central,77.56,2.0,35.6776
Office Supplies,South,76.608,8.0,6.7032
Office Supplies,West,14.62,2.0,6.8714
Office Supplies,East,100.24,10.0,33.831
Office Supplies,East,37.764,6.0,-27.6936
Office Supplies,West,8.82,3.0,2.5578
Furniture,West,698.352,3.0,-17.4588
Office Supplies,West,4.96,4.0,2.3312
Furniture,Central,22.608,3.0,-10.1736
Office Supplies,Central,18.54,2.0,8.7138
Office Supplies,East,8.26,2.0,3.7996
Office Supplies,South,34.86,2.0,-26.726
Office Supplies,East,34.4,5.0,15.824
Office Supplies,South,647.84,8.0,168.4384
Office Supplies,South,20.7,2.0,9.936
Office Supplies,East,20.7,2.0,9.936
Office Supplies,East,5.56,2.0,1.4456
Furniture,Central,127.95,3.0,21.7515
Office Supplies,Central,25.92,5.0,9.396
Office Supplies,Central,53.424,3.0,4.6746
Office Supplies,Central,85.52,2.0,22.2352
Office Supplies,Central,8.652,3.0,-20.3322
Office Supplies,West,49.536,3.0,17.3376
Office Supplies,South,41.472,8.0,14.5152
Technology,South,83.976,3.0,-1.0497
Office Supplies,East,23.36,4.0,7.884
Office Supplies,East,318.96,9.0,149.9112
Office Supplies,East,49.96,2.0,9.4924
Office Supplies,East,9.728,2.0,3.2832
Office Supplies,Central,74.352,3.0,6.5058
Office Supplies,South,9.568,2.0,3.4684
Office Supplies,West,39.072,6.0,4.3956
Office Supplies,West,27.15,5.0,13.3035
Furniture,West,1004.024,7.0,-112.9527
Furniture,Central,63.552,6.0,-34.9536
Technology,East,1999.96,4.0,899.982
Office Supplies,West,95.92,8.0,25.8984
Technology,West,236.0,4.0,40.12
Office Supplies,East,22.72,4.0,6.5888
Technology,West,196.752,6.0,56.5662
Office Supplies,East,32.7,3.0,8.502
Furniture,South,866.4,4.0,225.264
Furniture,Central,28.4,2.0,11.076
Office Supplies,West,6.12,3.0,2.8764
Technology,South,408.744,7.0,76.6395
Technology,Central,1007.979,3.0,43.1991
Office Supplies,East,32.544,2.0,-7.7292
Furniture,East,207.846,3.0,2.3094
Office Supplies,Central,91.36,4.0,42.0256
Office Supplies,East,59.52,3.0,15.4752
Office Supplies,East,161.94,3.0,9.7164
Furniture,East,4416.174,9.0,-630.882
Furniture,Central,747.558,3.0,-96.1146
Office Supplies,West,51.312,3.0,18.6006
Furniture,West,863.128,7.0,-32.3673
Office Supplies,West,28.485,5.0,-20.889
Furniture,South,77.952,3.0,15.5904
Furniture,Central,205.3328,2.0,-36.2352
Office Supplies,West,6.8,1.0,0.51
Office Supplies,East,146.688,6.0,55.008
Technology,West,703.968,4.0,87.996
Technology,Central,79.78,2.0,29.5186
Technology,East,116.98,2.0,29.245
Office Supplies,East,6.096,2.0,2.0574
Furniture,East,1474.802,7.0,-21.0686
Technology,Central,2735.952,6.0,341.994
Office Supplies,East,5.984,2.0,-1.3464
Office Supplies,South,39.128,1.0,-8.8038
Office Supplies,East,449.15,5.0,8.983
Office Supplies,West,119.616,8.0,40.3704
Office Supplies,South,62.88,4.0,-50.304
Office Supplies,South,17.94,3.0,6.4584
Office Supplies,West,35.808,3.0,11.19
Office Supplies,South,46.74,3.0,11.685
Office Supplies,South,6354.95,5.0,3177.475
Office Supplies,West,6.63,3.0,1.7901
Office Supplies,West,1126.02,3.0,56.301
Technology,West,66.26,2.0,27.1666
Furniture,South,683.952,3.0,42.747
Furniture,South,45.696,3.0,5.1408
Furniture,West,190.72,1.0,11.92
Office Supplies,South,22.75,5.0,11.375
Furniture,South,410.352,3.0,-51.294
Furniture,South,283.92,4.0,70.98
Technology,Central,100.792,1.0,6.2995
Office Supplies,South,896.99,1.0,421.5853
Office Supplies,West,204.9,5.0,0.0
Office Supplies,East,51.336,3.0,5.7753
Office Supplies,West,1295.78,2.0,310.9872
Office Supplies,South,19.456,4.0,3.4048
Office Supplies,East,25.02,3.0,6.5052
Office Supplies,West,84.056,7.0,27.3182
Office Supplies,South,13.0,5.0,1.3
Office Supplies,West,91.84,8.0,45.0016
Office Supplies,West,32.4,5.0,15.552
Office Supplies,South,211.248,6.0,15.8436
Office Supplies,Central,69.712,2.0,8.714
Office Supplies,South,51.55,5.0,24.2285
Office Supplies,East,25.92,4.0,12.4416
Office Supplies,Central,10.688,2.0,3.7408
Technology,West,84.784,2.0,-20.1362
Technology,West,1199.976,3.0,434.9913
Office Supplies,East,11.632,2.0,1.0178
Technology,East,143.982,3.0,-28.7964
Office Supplies,South,7.218,3.0,-5.5338
Technology,West,270.0,3.0,97.2
Office Supplies,East,8.448,2.0,2.64
Office Supplies,South,9.344,2.0,1.168
Office Supplies,Central,65.584,2.0,23.7742
Office Supplies,Central,25.68,3.0,-39.804
Office Supplies,Central,8.69,5.0,-14.773
Technology,West,79.99,1.0,28.7964
Office Supplies,Central,555.21,5.0,178.901
Technology,South,431.16,5.0,107.79
Technology,West,300.768,4.0,30.0768
Office Supplies,East,26.9,5.0,13.181
Office Supplies,South,235.944,3.0,85.5297
Office Supplies,West,30.18,3.0,13.8828
Office Supplies,East,110.096,2.0,33.0288
Furniture,West,30.93,1.0,12.6813
Office Supplies,West,330.4,2.0,85.904
Office Supplies,West,1.938,2.0,-1.3566
Office Supplies,South,21.84,3.0,10.92
Furniture,Central,389.97,3.0,35.0973
Furniture,West,14.8,4.0,6.068
Office Supplies,South,12.294,1.0,-8.6058
Technology,East,103.12,8.0,10.312
Office Supplies,West,21.34,2.0,9.8164
Furniture,West,136.464,2.0,15.3522
Office Supplies,Central,2.724,3.0,-4.2222
Office Supplies,Central,23.76,3.0,2.079
Office Supplies,Central,85.056,3.0,28.7064
Office Supplies,Central,33.488,7.0,-1.2558
Furniture,Central,108.925,1.0,-71.8905
Office Supplies,Central,36.352,8.0,11.36
Furniture,West,177.568,2.0,8.8784
Technology,West,107.88,3.0,10.788
Office Supplies,Central,2.688,3.0,-7.392
Office Supplies,South,34.944,3.0,3.0576
Furniture,East,30.336,4.0,9.48
Furniture,West,1603.136,4.0,100.196
Technology,South,7999.98,4.0,-3839.9904
Office Supplies,West,29.6,4.0,13.32
Furniture,West,14.56,2.0,5.5328
Technology,South,751.984,2.0,84.5982
Technology,West,166.24,1.0,24.936
Office Supplies,East,198.272,8.0,17.3488
Furniture,South,8.92,4.0,3.9248
Office Supplies,South,45.248,2.0,3.9592
Office Supplies,East,4.896,3.0,-3.4272
Office Supplies,East,2.88,1.0,0.8064
Technology,South,15.216,1.0,2.2824
Furniture,East,41.96,2.0,10.9096
Office Supplies,South,24.448,4.0,8.8624
Office Supplies,East,281.34,6.0,109.7226
Technology,West,144.96,4.0,60.8832
Office Supplies,East,17.96,5.0,5.837
Technology,East,899.91,9.0,395.9604
Office Supplies,Central,5.344,1.0,1.8704
Furniture,South,1256.22,6.0,75.3732
Technology,West,165.6,3.0,10.35
Office Supplies,Central,59.904,2.0,14.2272
Office Supplies,East,30.98,1.0,8.0548
Furniture,Central,38.976,3.0,-50.6688
Office Supplies,Central,272.736,3.0,-64.7748
Office Supplies,East,95.94,3.0,9.594
Office Supplies,Central,4.624,1.0,1.6762
Office Supplies,West,359.32,4.0,7.1864
Office Supplies,East,23.744,2.0,8.3104
Furniture,Central,14.73,3.0,4.8609
Furniture,South,383.438,4.0,-167.3184
Office Supplies,Central,24.56,2.0,6.8768
Technology,East,58.416,2.0,16.7946
Office Supplies,East,38.52,9.0,18.1044
Technology,East,107.982,3.0,-26.9955
Office Supplies,West,8.56,2.0,3.852
Office Supplies,South,572.58,6.0,34.3548
Office Supplies,South,3.328,2.0,0.416
Office Supplies,Central,32.35,5.0,16.175
Office Supplies,West,5.984,2.0,2.244
Furniture,South,2803.92,5.0,0.0
Office Supplies,West,4535.976,3.0,1644.2913
Technology,West,455.712,2.0,34.1784
Office Supplies,South,11.784,3.0,4.2717
Technology,South,1363.96,5.0,85.2475
Furniture,West,207.35,5.0,24.882
Technology,Central,199.96,4.0,15.9968
Office Supplies,Central,15.76,2.0,3.546
Furniture,West,283.92,5.0,17.745
Technology,Central,537.544,7.0,47.0351
Office Supplies,East,10.528,7.0,3.6848
Furniture,Central,28.4,2.0,11.076
Office Supplies,East,22.72,4.0,10.224
Office Supplies,East,15.552,3.0,5.4432
Technology,Central,279.95,5.0,67.188
Technology,East,239.97,3.0,71.991
Office Supplies,East,9.82,2.0,4.8118
Office Supplies,Central,7.872,3.0,0.8856
Office Supplies,Central,15.28,2.0,7.4872
Office Supplies,South,180.66,3.0,50.5848
Technology,South,265.475,1.0,-111.4995
Office Supplies,Central,18.24,3.0,-31.008
Technology,East,2799.944,7.0,1014.9797
Office Supplies,South,1614.582,6.0,-1237.8462
Furniture,South,287.94,3.0,77.7438
Furniture,South,314.352,3.0,-15.7176
Furniture,East,1548.99,9.0,-464.697
Furniture,East,44.46,2.0,14.6718
Office Supplies,East,242.94,3.0,9.7176
Office Supplies,West,2.48,2.0,1.1656
Furniture,South,19.52,2.0,5.368
Furniture,East,7.38,1.0,2.1402
Office Supplies,East,44.91,6.0,-35.928
Furniture,Central,1516.2,7.0,394.212
Office Supplies,East,5.892,4.0,-4.1244
Furniture,East,1242.9,5.0,262.39
Office Supplies,West,28.14,3.0,13.5072
Office Supplies,West,83.76,12.0,1.6752
Technology,South,519.68,7.0,58.464
Technology,East,149.95,5.0,14.995
Office Supplies,West,81.98,2.0,40.1702
Office Supplies,Central,4.54,1.0,2.043
Technology,Central,543.92,8.0,135.98
Office Supplies,South,71.96,5.0,7.196
Office Supplies,South,23.472,3.0,7.6284
Furniture,South,290.352,3.0,-36.294
Technology,East,259.98,2.0,88.3932
Office Supplies,West,64.96,2.0,2.5984
Office Supplies,East,15.84,2.0,5.544
Office Supplies,Central,352.38,2.0,81.0474
Technology,West,359.98,2.0,21.5988
Furniture,Central,797.944,4.0,-56.996
Technology,East,85.14,3.0,34.9074
Furniture,South,2314.116,7.0,-1002.7836
Office Supplies,West,5.104,1.0,1.6588
Office Supplies,Central,61.792,4.0,6.1792
Office Supplies,East,13.872,3.0,5.0286
Office Supplies,West,12.96,2.0,6.2208
Office Supplies,West,134.48,4.0,34.9648
Office Supplies,West,17.12,2.0,8.0464
Office Supplies,West,223.056,9.0,69.705
Office Supplies,West,167.76,5.0,62.91
Office Supplies,South,48.944,7.0,16.5186
Furniture,East,1007.232,6.0,75.5424
Office Supplies,East,25.344,6.0,7.92
Furniture,East,25.472,4.0,7.6416
Office Supplies,South,173.8,5.0,43.45
Technology,West,555.96,5.0,41.697
Office Supplies,West,286.93,7.0,140.5957
Office Supplies,South,4.608,2.0,1.6704
Office Supplies,East,35.97,3.0,9.7119
Furniture,South,289.568,2.0,10.8588
Furniture,East,1025.88,6.0,235.9524
Office Supplies,East,370.14,3.0,144.3546
Office Supplies,East,24.9,5.0,11.454
Technology,West,559.984,2.0,55.9984
Office Supplies,East,5.97,5.0,-4.577
Technology,Central,336.51,3.0,44.868
Furniture,West,243.92,5.0,-15.245
Office Supplies,East,14.624,2.0,5.484
Office Supplies,East,6.99,3.0,2.0271
Furniture,East,273.568,2.0,-34.196
Office Supplies,South,36.63,3.0,9.8901
Furniture,Central,5.344,4.0,-2.1376
Furniture,South,33.11,7.0,12.9129
Furniture,East,1090.782,7.0,-290.8752
Office Supplies,East,19.44,3.0,9.3312
Furniture,West,266.352,3.0,-13.3176
Office Supplies,South,4.608,2.0,1.6704
Furniture,West,155.25,3.0,46.575
Furniture,West,1618.37,13.0,356.0414
Office Supplies,Central,10.368,2.0,3.7584
Technology,West,209.94,6.0,39.8886
Office Supplies,East,601.65,5.0,156.429
Office Supplies,East,6.08,2.0,2.0672
Technology,West,239.94,6.0,26.3934
Office Supplies,East,177.2,5.0,83.284
Furniture,West,338.352,3.0,4.2294
Office Supplies,Central,8.952,2.0,-14.7708
Furniture,West,23.376,3.0,7.0128
Technology,Central,257.98,2.0,74.8142
Office Supplies,West,144.6,3.0,41.934
Office Supplies,Central,58.464,9.0,-146.16
Furniture,South,102.36,3.0,-3.8385
Furniture,South,934.956,6.0,-249.3216
Office Supplies,East,6.72,2.0,2.436
Office Supplies,Central,133.2,9.0,66.6
Office Supplies,East,82.344,3.0,27.7911
Office Supplies,West,19.936,4.0,7.2268
Furniture,Central,107.772,2.0,-29.2524
Office Supplies,East,16.52,5.0,5.369
Technology,East,118.782,3.0,-27.7158
Technology,South,66.36,4.0,23.226
Office Supplies,West,4.368,7.0,-3.3488
Office Supplies,West,119.96,2.0,33.5888
Office Supplies,West,6.88,1.0,2.322
Furniture,East,661.176,2.0,-231.4116
Office Supplies,East,26.38,1.0,12.1348
Office Supplies,South,7.632,3.0,-1.8126
Office Supplies,Central,28.032,6.0,3.504
Office Supplies,Central,84.784,2.0,-16.9568
Technology,Central,323.976,3.0,36.4473
Office Supplies,West,39.68,2.0,10.3168
Office Supplies,West,166.44,3.0,79.8912
Technology,West,29.29,1.0,9.6657
Office Supplies,West,22.92,3.0,11.2308
Office Supplies,Central,100.704,6.0,-16.3644
Furniture,Central,2.328,2.0,-0.7566
Office Supplies,East,8.94,3.0,2.4138
Office Supplies,Central,58.368,12.0,21.888
Technology,Central,71.96,5.0,25.186
Office Supplies,South,27.9,5.0,6.975
Office Supplies,Central,1.192,2.0,-2.0264
Furniture,West,119.833,1.0,-12.6882
Technology,West,119.98,2.0,57.5904
Office Supplies,West,6.3,2.0,3.024
Office Supplies,Central,0.836,1.0,-1.3376
Office Supplies,Central,10.16,1.0,2.6416
Technology,West,31.984,2.0,-7.996
Office Supplies,East,24.64,8.0,11.8272
Office Supplies,South,63.9,5.0,28.755
Technology,West,538.92,9.0,80.838
Office Supplies,Central,20.58,7.0,5.5566
Office Supplies,Central,17.38,2.0,8.69
Office Supplies,Central,74.76,3.0,34.3896
Office Supplies,East,8.952,2.0,-7.46
Office Supplies,West,159.768,7.0,53.9217
Furniture,South,2244.48,7.0,493.7856
Office Supplies,East,64.96,4.0,9.744
Office Supplies,East,19.44,3.0,9.3312
Office Supplies,East,31.92,4.0,8.2992
Office Supplies,Central,1297.368,9.0,97.3026
Office Supplies,Central,5.176,4.0,-7.764
Technology,East,1322.93,7.0,357.1911
Office Supplies,West,22.848,2.0,7.4256
Furniture,East,482.94,6.0,-376.6932
Technology,South,23.472,3.0,4.9878
Office Supplies,West,485.88,6.0,9.7176
Technology,West,889.536,8.0,66.7152
Office Supplies,South,15.552,3.0,5.4432
Office Supplies,West,3.15,1.0,1.512
Furniture,West,199.8,10.0,71.928
Furniture,Central,95.984,4.0,-4.1136
Office Supplies,Central,1088.792,4.0,-1850.9464
Furniture,West,544.008,3.0,40.8006
Furniture,West,854.352,3.0,10.6794
Office Supplies,West,593.568,2.0,0.0
Office Supplies,East,99.846,9.0,-83.205
Office Supplies,East,41.86,7.0,10.465
Office Supplies,East,3.036,2.0,-2.3276
Office Supplies,East,4.503,1.0,-3.6024
Technology,East,95.88,3.0,28.764
Technology,West,255.936,8.0,28.7928
Technology,East,78.15,1.0,34.386
Office Supplies,East,99.588,2.0,-82.99
Technology,East,839.988,2.0,69.999
Furniture,South,165.048,3.0,41.262
Office Supplies,South,154.9,5.0,69.705
Office Supplies,Central,15.552,3.0,5.4432
Technology,Central,1099.96,4.0,285.9896
Technology,East,35.91,3.0,-8.379
Office Supplies,Central,2.892,3.0,-4.9164
Technology,South,255.68,8.0,76.704
Office Supplies,Central,3.488,2.0,0.5668
Technology,Central,69.9,2.0,18.873
Furniture,South,701.96,2.0,168.4704
Furniture,East,7.712,2.0,1.7352
Furniture,West,563.24,5.0,56.324
Office Supplies,Central,14.352,3.0,5.2026
Technology,Central,8.78,1.0,2.2828
Technology,South,83.88,4.0,30.1968
Furniture,West,25.08,6.0,9.0288
Office Supplies,East,15.48,3.0,4.4892
Technology,West,552.0,10.0,34.5
Office Supplies,East,11.96,2.0,3.1096
Office Supplies,West,13.216,4.0,4.4604
Office Supplies,West,32.4,5.0,15.552
Office Supplies,West,20.72,2.0,6.475
Office Supplies,East,9.28,2.0,3.248
Office Supplies,East,18.528,4.0,-12.352
Office Supplies,East,4.672,1.0,0.584
Office Supplies,West,46.76,7.0,22.4448
Office Supplies,West,17.712,3.0,6.4206
Office Supplies,West,161.94,3.0,9.7164
Office Supplies,East,3.69,1.0,1.7343
Office Supplies,South,34.58,1.0,10.0282
Office Supplies,East,38.34,9.0,15.7194
Office Supplies,South,197.72,4.0,55.3616
Office Supplies,South,5.184,6.0,-3.6288
Office Supplies,East,285.552,2.0,35.694
Office Supplies,South,72.8,5.0,19.656
Technology,South,89.9,2.0,25.172
Technology,West,989.97,3.0,395.988
Office Supplies,West,40.74,3.0,0.4074
Furniture,West,25.11,3.0,6.5286
Office Supplies,East,75.04,8.0,36.0192
Furniture,West,11.664,3.0,3.3534
Office Supplies,East,47.82,3.0,14.346
Technology,East,5199.96,4.0,1351.9896
Office Supplies,East,4.064,1.0,1.3716
Office Supplies,Central,129.3,2.0,6.465
Office Supplies,East,17.34,3.0,8.4966
Office Supplies,Central,220.776,3.0,-44.1552
Office Supplies,West,54.9,5.0,26.901
Office Supplies,West,13.12,4.0,3.8048
Office Supplies,Central,65.52,5.0,12.376
Office Supplies,Central,264.32,2.0,19.824
Office Supplies,East,8.016,3.0,1.002
Office Supplies,Central,4.928,2.0,1.7248
Office Supplies,South,42.76,2.0,11.1176
Technology,East,49.08,3.0,4.908
Office Supplies,West,29.6,2.0,14.8
Technology,West,234.95,5.0,32.893
Office Supplies,West,1089.75,3.0,305.13
Office Supplies,West,19.44,3.0,9.3312
Office Supplies,West,58.24,4.0,15.7248
Furniture,Central,83.952,3.0,-90.2484
Office Supplies,South,9.45,5.0,0.189
Office Supplies,Central,1554.936,3.0,77.7468
Furniture,Central,652.45,5.0,-430.617
Office Supplies,East,17.216,4.0,6.0256
Office Supplies,East,11.56,2.0,5.6644
Technology,South,21.8,2.0,6.104
Technology,West,52.792,1.0,4.6193
Furniture,East,154.764,3.0,-36.1116
Furniture,East,165.28,4.0,14.8752
Office Supplies,East,334.768,7.0,108.7996
Furniture,West,37.74,3.0,12.8316
Office Supplies,Central,496.86,7.0,24.843
Technology,Central,151.2,3.0,32.13
Furniture,Central,4.928,4.0,-1.4784
Office Supplies,West,60.672,2.0,14.4096
Office Supplies,South,4.095,3.0,-2.73
Technology,East,141.9,5.0,58.179
Office Supplies,East,6.24,2.0,3.0576
Office Supplies,West,9.728,2.0,3.2832
Office Supplies,West,14.75,5.0,7.08
Technology,East,220.752,8.0,-40.4712
Office Supplies,East,59.52,3.0,17.856
Technology,Central,263.88,3.0,42.8805
Furniture,Central,2453.43,5.0,-350.49
Office Supplies,South,13.76,2.0,6.3296
Technology,East,108.576,4.0,-25.3344
Technology,Central,47.984,2.0,5.998
Technology,West,88.752,3.0,11.094
Office Supplies,South,9.82,2.0,4.8118
Office Supplies,South,33.75,5.0,16.875
Office Supplies,West,48.91,1.0,22.9877
Furniture,South,452.94,3.0,67.941
Furniture,East,27.46,2.0,9.8856
Furniture,Central,1024.716,6.0,-29.2776
Furniture,East,111.15,5.0,48.906
Office Supplies,West,2022.272,8.0,682.5168
Furniture,Central,6.688,4.0,-4.0128
Furniture,West,35.0,4.0,14.7
Furniture,Central,602.651,7.0,-163.5767
Office Supplies,South,3.424,1.0,1.07
Technology,West,177.0,3.0,30.09
Office Supplies,Central,31.16,2.0,7.79
Furniture,Central,459.92,4.0,41.3928
Office Supplies,East,67.4,5.0,17.524
Office Supplies,East,5.88,1.0,2.8812
Technology,West,862.344,7.0,97.0137
Furniture,East,313.722,3.0,-99.3453
Office Supplies,West,20.04,3.0,9.6192
Office Supplies,Central,13.12,5.0,3.772
Office Supplies,West,18.16,5.0,6.583
Technology,Central,39.264,3.0,-4.908
Office Supplies,Central,223.056,9.0,69.705
Technology,West,33.52,2.0,3.352
Furniture,West,9.94,2.0,3.0814
Technology,East,31.95,1.0,2.2365
Technology,West,119.96,1.0,7.4975
Technology,South,627.168,4.0,70.5564
Office Supplies,East,13.04,4.0,5.7376
Office Supplies,West,247.104,6.0,-58.6872
Office Supplies,Central,310.392,4.0,-512.1468
Office Supplies,East,26.18,7.0,0.5236
Furniture,East,23.968,2.0,7.7896
Furniture,East,866.646,3.0,173.3292
Technology,East,39.99,1.0,11.5971
Office Supplies,East,24.588,2.0,-18.0312
Technology,West,89.544,7.0,12.3123
Office Supplies,Central,48.784,4.0,-131.7168
Office Supplies,South,124.75,5.0,57.385
Furniture,West,201.04,8.0,54.2808
Technology,East,91.96,4.0,39.5428
Furniture,Central,966.7,5.0,-13.81
Furniture,Central,239.358,3.0,-47.8716
Office Supplies,West,44.4,3.0,22.2
Office Supplies,East,11.352,3.0,4.1151
Technology,West,453.576,3.0,39.6879
Furniture,West,32.36,4.0,11.6496
Office Supplies,West,19.68,5.0,6.888
Office Supplies,West,21.84,3.0,10.4832
Office Supplies,West,122.688,9.0,39.8736
Office Supplies,Central,35.88,6.0,16.146
Office Supplies,South,11.696,2.0,3.9474
Office Supplies,East,170.88,3.0,49.5552
Technology,East,307.98,2.0,89.3142
Furniture,East,47.04,3.0,18.3456
Technology,East,979.95,5.0,274.386
Technology,East,247.8,4.0,34.692
Furniture,Central,359.058,3.0,-35.9058
Furniture,East,47.992,2.0,-2.0568
Technology,East,249.95,5.0,87.4825
Office Supplies,West,44.784,1.0,16.2342
Office Supplies,South,6.672,3.0,1.668
Technology,East,132.52,5.0,34.7865
Office Supplies,South,9.54,3.0,4.3884
Office Supplies,West,15.192,3.0,5.5071
Technology,East,395.94,6.0,102.9444
Furniture,East,138.588,1.0,-34.647
Office Supplies,East,59.48,2.0,8.922
Office Supplies,Central,30.32,4.0,11.8248
Office Supplies,West,32.432,2.0,3.2432
Technology,West,675.96,5.0,84.495
Office Supplies,East,15.66,6.0,7.2036
Furniture,South,517.5,6.0,155.25
Technology,East,53.04,3.0,-4.641
Office Supplies,East,10.688,2.0,3.7408
Technology,East,58.112,2.0,7.264
Office Supplies,West,15.552,3.0,5.4432
Office Supplies,West,669.08,5.0,-167.27
Technology,West,3149.93,7.0,1480.4671
Furniture,East,199.9,5.0,39.98
Office Supplies,West,13.36,2.0,6.4128
Office Supplies,West,8.448,2.0,2.9568
Technology,West,139.944,7.0,-31.4874
Office Supplies,Central,4.344,3.0,0.8688
Technology,West,31.176,3.0,-7.0146
Office Supplies,West,4.544,2.0,1.6472
Furniture,Central,21.936,2.0,-10.4196
Office Supplies,East,4305.552,6.0,1453.1238
Office Supplies,East,8.0,2.0,2.8
Office Supplies,East,8.856,6.0,-6.4944
Office Supplies,East,99.28,2.0,12.41
Office Supplies,Central,7.072,2.0,2.3868
Technology,East,63.96,4.0,19.8276
Office Supplies,East,14.46,3.0,7.0854
Office Supplies,West,21.56,7.0,10.3488
Office Supplies,East,11.808,2.0,4.2804
Furniture,East,1931.04,9.0,321.84
Office Supplies,West,43.86,6.0,20.6142
Furniture,West,71.992,1.0,-0.8999
Office Supplies,South,2.064,1.0,0.1548
Office Supplies,Central,14.304,6.0,5.0064
Office Supplies,East,7.712,2.0,2.7956
Technology,Central,159.984,2.0,11.9988
Technology,Central,47.904,1.0,-2.994
Furniture,East,33.568,2.0,-5.4548
Furniture,Central,302.67,3.0,72.6408
Office Supplies,South,4.368,3.0,0.3822
Office Supplies,Central,16.392,2.0,-26.2272
Technology,East,437.85,3.0,131.355
Technology,West,129.45,5.0,46.602
Furniture,West,32.04,3.0,8.01
Furniture,Central,609.98,4.0,-113.282
Office Supplies,West,7.98,3.0,2.0748
Office Supplies,East,34.44,3.0,17.22
Furniture,Central,206.962,2.0,-32.5226
Office Supplies,West,559.62,9.0,151.0974
Office Supplies,West,8.56,2.0,3.852
Office Supplies,West,92.94,3.0,41.823
Technology,Central,46.864,2.0,7.6154
Furniture,West,411.332,4.0,-4.8392
Furniture,West,293.199,3.0,-20.6964
Office Supplies,South,4.13,1.0,1.8998
Technology,East,209.5,10.0,58.66
Furniture,South,131.104,2.0,8.194
Technology,West,185.528,7.0,48.7011
Office Supplies,East,36.744,3.0,3.6744
Office Supplies,East,5.34,2.0,1.4952
Office Supplies,South,387.72,5.0,-67.851
Office Supplies,South,1.344,1.0,0.504
Office Supplies,West,29.74,1.0,4.461
Office Supplies,East,35.88,6.0,16.146
Office Supplies,West,11.808,3.0,4.1328
Office Supplies,East,63.84,8.0,16.5984
Office Supplies,Central,11.168,4.0,3.6296
Furniture,East,4.656,2.0,1.5714
Office Supplies,West,7.38,2.0,3.4686
Furniture,Central,30.56,5.0,-19.864
Furniture,West,518.272,8.0,-97.176
Furniture,Central,62.958,3.0,-2.6982
Furniture,West,11.84,4.0,3.108
Technology,East,779.796,2.0,-168.9558
Technology,Central,1439.92,8.0,374.3792
Furniture,East,187.76,4.0,76.9816
Office Supplies,East,465.16,2.0,120.9416
Technology,Central,1439.982,3.0,-263.9967
Office Supplies,Central,36.288,7.0,12.7008
Office Supplies,East,21.4,5.0,6.206
Office Supplies,West,931.176,3.0,314.2719
Furniture,South,1125.488,7.0,98.4802
Office Supplies,West,892.35,5.0,267.705
Office Supplies,East,146.82,3.0,73.41
Furniture,East,4007.84,10.0,-50.098
Office Supplies,Central,13.89,3.0,4.5837
Technology,East,119.96,4.0,33.5888
Office Supplies,East,17.088,4.0,5.7672
Furniture,East,14.56,2.0,6.2608
Office Supplies,South,15.51,1.0,3.8775
Office Supplies,West,99.2,5.0,25.792
Furniture,West,801.568,2.0,50.098
Furniture,West,70.98,1.0,20.5842
Technology,West,506.28,3.0,177.198
Technology,West,26.96,2.0,3.7744
Technology,West,302.376,3.0,22.6782
Furniture,Central,613.9992,3.0,-18.0588
Office Supplies,East,563.4,4.0,67.608
Office Supplies,South,7.104,2.0,2.3976
Office Supplies,East,121.792,4.0,13.7016
Office Supplies,East,195.64,5.0,-44.019
Office Supplies,South,7.824,1.0,2.934
Office Supplies,West,47.52,9.0,22.8096
Furniture,Central,1565.88,6.0,407.1288
Office Supplies,Central,16.784,4.0,-26.8544
Furniture,South,174.0585,3.0,-110.7645
Technology,South,659.97,3.0,197.991
Office Supplies,East,5.56,2.0,2.224
Technology,West,28.4,2.0,6.745
Office Supplies,West,26.4,5.0,11.88
Furniture,East,18.96,2.0,8.532
Technology,Central,597.132,3.0,49.761
Office Supplies,Central,39.582,9.0,-59.373
Office Supplies,East,15.008,2.0,1.5008
Office Supplies,West,92.94,3.0,41.823
Technology,West,199.98,2.0,69.993
Office Supplies,East,16.45,5.0,7.567
Office Supplies,Central,6.264,3.0,2.0358
Furniture,West,14.73,3.0,4.8609
Office Supplies,West,19.968,2.0,-13.312
Office Supplies,East,7.83,3.0,3.6018
Furniture,West,14.19,3.0,5.5341
Technology,East,238.0,2.0,38.08
Office Supplies,East,17.12,4.0,7.704
Office Supplies,Central,42.616,7.0,-68.1856
Furniture,West,122.91,3.0,34.4148
Office Supplies,East,46.35,5.0,21.7845
Office Supplies,Central,24.9,5.0,11.703
Office Supplies,South,20.992,8.0,2.3616
Technology,East,281.97,3.0,78.9516
Technology,West,211.168,4.0,18.4772
Office Supplies,East,166.44,3.0,79.8912
Office Supplies,East,59.94,3.0,28.1718
Office Supplies,Central,2.896,2.0,0.4706
Technology,Central,35.016,3.0,-2.1885
Technology,South,1394.95,5.0,362.687
Furniture,Central,266.352,6.0,-292.9872
Office Supplies,South,11.214,2.0,-8.5974
Office Supplies,East,18.9,3.0,8.694
Office Supplies,Central,1.362,1.0,-2.1792
Office Supplies,Central,28.4,4.0,13.064
Technology,East,26.376,4.0,2.6376
Office Supplies,South,15.0,4.0,7.2
Technology,South,144.95,5.0,42.0355
Furniture,South,304.45,5.0,76.1125
Technology,South,649.0,2.0,-272.58
Office Supplies,West,146.82,3.0,73.41
Office Supplies,South,333.056,2.0,29.1424
Office Supplies,East,105.52,4.0,48.5392
Office Supplies,Central,2.52,2.0,0.1008
Office Supplies,East,119.04,6.0,48.8064
Office Supplies,West,14.62,2.0,6.8714
Office Supplies,East,17.04,3.0,7.668
Furniture,West,141.96,2.0,39.7488
Office Supplies,West,11.96,2.0,5.382
Furniture,South,77.952,3.0,-11.6928
Office Supplies,West,11.952,3.0,4.3326
Office Supplies,West,4.536,7.0,-3.3264
Office Supplies,West,3.856,1.0,1.3978
Furniture,West,377.45,5.0,-264.215
Furniture,East,289.8,7.0,36.225
Technology,South,18.528,2.0,4.4004
Furniture,East,341.488,8.0,-73.176
Furniture,Central,17.31,3.0,5.193
Office Supplies,East,3.29,1.0,1.4805
Technology,West,135.984,2.0,16.998
Office Supplies,West,80.3,5.0,20.878
Furniture,Central,155.372,2.0,-35.5136
Office Supplies,West,405.64,4.0,12.1692
Furniture,West,146.352,3.0,-9.147
Office Supplies,Central,335.72,5.0,113.3055
Technology,West,604.752,6.0,60.4752
Office Supplies,East,706.86,7.0,197.9208
Technology,West,111.984,2.0,11.1984
Office Supplies,West,22.66,2.0,9.7438
Office Supplies,Central,221.024,2.0,-55.256
Office Supplies,East,3.96,2.0,1.4652
Office Supplies,West,5.76,2.0,2.6496
Furniture,Central,479.9,5.0,81.583
Furniture,Central,127.88,5.0,-67.137
Furniture,East,664.146,6.0,88.5528
Office Supplies,South,8.34,3.0,2.1684
Furniture,East,239.372,2.0,-23.9372
Technology,Central,286.4,1.0,25.06
Office Supplies,Central,0.876,1.0,-1.4016
Office Supplies,East,33.93,3.0,-22.62
Technology,West,1295.84,4.0,145.782
Office Supplies,South,25.984,2.0,-1.624
Office Supplies,East,19.242,3.0,-13.4694
Furniture,East,64.944,3.0,6.4944
Furniture,South,354.9,5.0,88.725
Office Supplies,Central,27.52,4.0,12.6592
Office Supplies,East,10.584,7.0,-2.3814
Furniture,Central,14.76,5.0,-11.439
Office Supplies,East,146.82,3.0,73.41
Office Supplies,East,17.14,2.0,4.4564
Technology,West,3357.6,3.0,377.73
Furniture,East,422.058,3.0,-18.0882
Office Supplies,West,2.21,1.0,0.5967
Office Supplies,South,42.048,9.0,5.256
Furniture,West,43.31,1.0,4.331
Technology,East,235.152,8.0,-47.0304
Office Supplies,Central,501.81,3.0,0.0
Furniture,East,79.384,1.0,29.769
Office Supplies,East,44.75,5.0,20.585
Office Supplies,Central,35.856,9.0,12.9978
Office Supplies,Central,15.872,1.0,1.1904
Office Supplies,South,295.456,14.0,96.0232
Furniture,Central,305.312,2.0,-8.7232
Office Supplies,Central,9.264,3.0,-13.896
Furniture,South,4.992,3.0,1.3728
Furniture,West,86.26,2.0,29.3284
Office Supplies,East,85.232,7.0,30.8966
Office Supplies,Central,23.616,9.0,2.6568
Technology,East,1294.75,5.0,336.635
Technology,Central,971.88,3.0,109.3365
Office Supplies,West,153.552,3.0,51.8238
Office Supplies,West,24.56,2.0,11.5432
Technology,West,1007.944,7.0,75.5958
Office Supplies,South,14.67,3.0,3.9609
Office Supplies,East,15.552,3.0,5.4432
Office Supplies,East,5.232,1.0,1.7004
Office Supplies,West,295.056,9.0,106.9578
Technology,South,177.48,3.0,19.9665
Office Supplies,Central,14.4,5.0,7.056
Office Supplies,East,16.52,4.0,7.5992
Furniture,East,27.42,1.0,11.2422
Office Supplies,West,61.776,13.0,20.8494
Office Supplies,South,2.816,2.0,0.9856
Office Supplies,West,16.06,1.0,4.1756
Office Supplies,West,359.32,4.0,7.1864
Office Supplies,East,71.96,2.0,17.99
Office Supplies,East,37.376,8.0,4.672
Office Supplies,East,54.816,3.0,17.8152
Furniture,West,72.294,1.0,-98.8018
Technology,East,40.776,3.0,0.5097
Furniture,East,330.588,1.0,-115.7058
Furniture,South,241.96,2.0,33.8744
Office Supplies,Central,54.48,1.0,15.2544
Office Supplies,Central,228.92,5.0,14.3075
Technology,East,205.03,7.0,67.6599
Office Supplies,West,44.4,5.0,12.432
Technology,East,137.94,3.0,35.8644
Furniture,Central,401.59,2.0,-131.951
Office Supplies,West,9.02,2.0,3.5178
Office Supplies,East,51.168,2.0,-6.396
Technology,West,659.976,3.0,49.4982
Office Supplies,West,13.36,2.0,6.4128
Office Supplies,West,41.72,5.0,13.0375
Office Supplies,West,11.52,5.0,4.176
Office Supplies,West,541.44,6.0,157.0176
Technology,East,527.92,2.0,85.787
Office Supplies,West,143.7,3.0,68.976
Furniture,Central,14.76,5.0,-11.439
Furniture,West,1212.96,7.0,90.972
Office Supplies,West,18.54,2.0,8.7138
Office Supplies,West,146.73,3.0,2.9346
Furniture,East,253.764,2.0,31.0156
Furniture,South,359.97,3.0,79.1934
Office Supplies,East,6.48,1.0,3.1104
Office Supplies,East,16.52,5.0,5.369
Furniture,East,373.47,5.0,-112.041
Furniture,South,85.98,1.0,22.3548
Technology,South,223.96,4.0,53.7504
Office Supplies,East,48.16,7.0,22.1536
Technology,Central,23.92,2.0,6.6976
Office Supplies,South,14.352,3.0,5.2026
Office Supplies,Central,4.448,2.0,0.3336
Office Supplies,West,14.624,2.0,5.1184
Furniture,East,259.7,5.0,106.477
Office Supplies,Central,16.448,2.0,5.5512
Furniture,South,721.875,6.0,-420.0
Office Supplies,East,6.68,1.0,3.2064
Office Supplies,South,106.32,3.0,49.9704
Office Supplies,West,68.448,4.0,7.7004
Furniture,East,899.43,5.0,-12.849
Office Supplies,West,15.872,1.0,1.984
Technology,West,302.376,3.0,37.797
Furniture,Central,368.97,3.0,81.1734
Office Supplies,Central,43.0,5.0,20.21
Office Supplies,South,194.32,4.0,56.3528
Office Supplies,South,25.06,2.0,11.7782
Office Supplies,South,60.64,4.0,27.8944
Furniture,Central,105.686,1.0,-28.6862
Office Supplies,West,53.248,2.0,19.968
Office Supplies,South,62.04,4.0,17.3712
Office Supplies,Central,123.552,3.0,-29.3436
Technology,West,87.8,5.0,32.925
Office Supplies,West,79.47,3.0,22.2516
Office Supplies,West,10.08,6.0,5.04
Office Supplies,West,137.24,5.0,46.3185
Technology,West,36.51,1.0,15.6993
Office Supplies,Central,7.536,6.0,-13.188
Office Supplies,East,222.352,13.0,77.8232
Furniture,South,127.88,2.0,40.9216
Office Supplies,South,46.0,4.0,20.7
Furniture,West,120.712,1.0,-18.1068
Office Supplies,East,23.12,4.0,11.3288
Office Supplies,South,77.56,2.0,35.6776
Office Supplies,Central,2.632,1.0,0.8225
Office Supplies,East,76.776,4.0,-58.8616
Furniture,West,31.96,2.0,1.598
Office Supplies,East,111.96,2.0,54.8604
Furniture,East,54.712,7.0,11.6263
Office Supplies,West,16.02,9.0,4.4856
Office Supplies,East,51.55,5.0,24.2285
Technology,East,1619.91,9.0,97.1946
Technology,Central,399.95,5.0,143.982
Technology,East,59.9,2.0,23.96
Technology,East,659.9,2.0,217.767
Technology,West,179.991,3.0,-251.9874
Office Supplies,East,18.464,4.0,6.924
Technology,West,79.92,10.0,26.973
Office Supplies,East,5.68,2.0,1.917
Office Supplies,West,7.52,5.0,2.632
Technology,West,595.0,5.0,95.2
Office Supplies,West,63.56,2.0,3.178
Furniture,West,19.76,4.0,8.2992
Technology,East,247.188,2.0,-49.4376
Office Supplies,Central,8.272,4.0,-13.6488
Furniture,West,7.4,2.0,3.034
Furniture,East,366.786,7.0,65.2064
Office Supplies,South,33.96,2.0,16.98
Office Supplies,East,13.392,3.0,1.0044
Office Supplies,West,20.16,7.0,9.8784
Furniture,West,145.98,2.0,-99.2664
Office Supplies,West,35.808,4.0,12.5328
Technology,East,95.1,5.0,30.432
Office Supplies,South,1.872,2.0,-1.3104
Furniture,East,492.835,5.0,-14.081
Technology,West,30.08,2.0,-5.264
Technology,Central,19.136,2.0,1.9136
Technology,East,57.06,3.0,18.2592
Office Supplies,Central,12.39,3.0,3.4692
Furniture,West,477.666,2.0,84.294
Office Supplies,West,21.4,5.0,9.63
Office Supplies,South,32.4,5.0,15.552
Furniture,West,148.257,3.0,15.6978
Technology,South,1012.68,3.0,303.804
Office Supplies,Central,11.184,1.0,0.8388
Office Supplies,East,85.52,2.0,22.2352
Office Supplies,East,9.84,3.0,2.6568
Office Supplies,South,15.552,3.0,5.4432
Office Supplies,East,40.176,3.0,14.5638
Office Supplies,West,9.584,1.0,3.3544
Office Supplies,South,37.608,3.0,12.6927
Office Supplies,South,25.344,6.0,8.8704
Office Supplies,East,6.48,1.0,3.1104
Furniture,East,25.16,2.0,8.5544
Office Supplies,Central,32.784,4.0,-85.2384
Office Supplies,Central,3.96,10.0,-6.93
Technology,West,84.784,2.0,-20.1362
Technology,South,173.94,6.0,50.4426
Furniture,West,102.018,7.0,-183.6324
Office Supplies,East,264.32,2.0,19.824
Office Supplies,South,15.552,3.0,5.4432
Office Supplies,Central,12.96,2.0,6.2208
Furniture,Central,14.0,4.0,-6.3
Office Supplies,Central,42.048,9.0,5.256
Furniture,West,194.352,3.0,19.4352
Office Supplies,Central,12.84,3.0,5.778
Office Supplies,East,83.92,5.0,-13.637
Furniture,East,181.986,2.0,-54.5958
Furniture,West,1348.704,6.0,-219.1644
Furniture,West,700.152,3.0,78.7671
Furniture,West,111.888,7.0,22.3776
Furniture,East,173.94,3.0,13.9152
Office Supplies,East,14.76,4.0,6.9372
Furniture,East,301.47,3.0,-204.9996
Furniture,South,821.88,6.0,213.6888
Office Supplies,West,323.1,2.0,61.389
Office Supplies,South,9.216,4.0,3.3408
Technology,South,71.0,4.0,27.69
Office Supplies,East,6.912,3.0,2.5056
Office Supplies,West,32.4,5.0,15.552
Office Supplies,West,34.4,5.0,15.824
Technology,West,159.56,4.0,59.0372
Technology,South,187.98,2.0,52.6344
Furniture,West,215.976,3.0,-2.6997
Technology,West,108.96,3.0,32.688
Technology,West,246.168,3.0,21.5397
Furniture,Central,601.47,3.0,-300.735
Technology,South,79.1,2.0,39.55
Office Supplies,East,428.68,7.0,0.0
Furniture,East,523.764,3.0,-192.0468
Technology,East,288.0,4.0,57.6
Office Supplies,South,62.1,6.0,29.808
Office Supplies,South,47.616,3.0,5.952
Office Supplies,East,14.94,3.0,7.0218
Furniture,West,25.4,5.0,8.636
Furniture,Central,1218.735,5.0,-121.8735
Technology,South,52.0,4.0,23.4
Furniture,West,230.28,3.0,23.028
Office Supplies,West,31.504,11.0,11.0264
Furniture,Central,17.496,9.0,-7.4358
Office Supplies,West,18.45,5.0,8.6715
Office Supplies,Central,25.92,4.0,12.4416
Office Supplies,West,30.87,7.0,14.2002
Technology,East,52.99,1.0,0.5299
Technology,East,652.995,7.0,-935.9595
Furniture,East,63.94,1.0,24.9366
Office Supplies,Central,14.94,3.0,7.0218
Furniture,West,39.96,2.0,17.1828
Furniture,West,60.84,3.0,19.4688
Office Supplies,Central,32.06,2.0,15.3888
Office Supplies,East,13.128,3.0,4.2666
Office Supplies,West,67.78,2.0,16.945
Office Supplies,West,5.94,3.0,0.0
Office Supplies,West,87.92,4.0,0.8792
Office Supplies,East,141.76,4.0,66.6272
Office Supplies,East,456.588,2.0,-304.392
Office Supplies,West,164.88,3.0,80.7912
Furniture,West,1292.94,3.0,77.5764
Office Supplies,West,8.32,5.0,2.808
Office Supplies,Central,1.72,1.0,-2.838
Office Supplies,West,7.78,2.0,2.0228
Furniture,East,239.84,8.0,64.7568
Furniture,South,370.62,3.0,-142.071
Office Supplies,South,2.742,2.0,-2.0108
Office Supplies,Central,28.352,1.0,9.5688
Office Supplies,East,590.352,6.0,206.6232
Office Supplies,West,166.44,3.0,79.8912
Furniture,Central,141.42,5.0,-187.3815
Office Supplies,West,11.088,7.0,-8.1312
Technology,Central,619.95,5.0,111.591
Technology,West,1039.728,2.0,90.9762
Technology,Central,164.99,1.0,49.497
Office Supplies,East,37.2,5.0,9.3
Office Supplies,East,195.64,4.0,3.9128
Office Supplies,West,15.48,3.0,5.6115
Office Supplies,South,21.376,4.0,7.4816
Office Supplies,South,8.016,3.0,1.002
Office Supplies,South,56.3,2.0,15.764
Office Supplies,East,116.28,3.0,56.9772
Office Supplies,West,16.68,2.0,4.3368
Office Supplies,West,192.16,4.0,92.2368
Office Supplies,South,12.828,2.0,-8.9796
Technology,West,438.368,4.0,38.3572
Office Supplies,Central,67.536,9.0,6.7536
Furniture,Central,23.976,3.0,-14.3856
Office Supplies,South,85.96,7.0,24.0688
Office Supplies,West,95.648,2.0,31.0856
Technology,Central,24.032,2.0,-0.6008
Office Supplies,West,6.63,3.0,1.7901
Furniture,South,231.92,5.0,5.798
Office Supplies,West,49.12,4.0,23.0864
Technology,East,377.97,3.0,94.4925
Office Supplies,West,2.912,2.0,0.91
Office Supplies,South,477.24,4.0,9.5448
Technology,Central,27.96,5.0,8.388
Office Supplies,East,46.72,5.0,17.52
Office Supplies,West,35.06,2.0,10.518
Furniture,Central,40.56,2.0,12.9792
Technology,West,323.37,3.0,129.348
Office Supplies,West,1447.65,5.0,419.8185
Office Supplies,West,11.96,2.0,5.8604
Office Supplies,East,1924.16,8.0,312.676
Office Supplies,West,67.136,4.0,25.176
Technology,Central,50.12,7.0,-0.6265
Office Supplies,West,60.984,7.0,4.5738
Furniture,West,195.466,2.0,-13.7976
Furniture,South,23.68,8.0,6.216
Office Supplies,East,59.2,4.0,29.6
Technology,West,27.6,4.0,2.208
Technology,East,23.976,4.0,-15.5844
Technology,East,210.564,6.0,-52.641
Furniture,Central,39.96,5.0,-23.976
Office Supplies,East,37.312,4.0,2.7984
Office Supplies,Central,6.48,1.0,3.1104
Technology,West,1075.088,14.0,94.0702
Office Supplies,Central,9892.74,13.0,4946.37
Office Supplies,West,32.34,10.0,-23.716
Office Supplies,South,145.85,5.0,70.008
Technology,South,783.96,5.0,78.396
Office Supplies,Central,4.752,4.0,-8.316
Office Supplies,East,75.18,6.0,35.3346
Furniture,Central,9.68,2.0,3.7752
Office Supplies,West,19.608,3.0,6.6177
Office Supplies,East,86.352,3.0,5.397
Furniture,Central,657.93,5.0,-93.99
Technology,West,4476.8,4.0,503.64
Office Supplies,East,1088.76,6.0,315.7404
Office Supplies,Central,177.2,5.0,83.284
Furniture,West,298.776,3.0,7.4694
Office Supplies,Central,8.928,2.0,0.558
Office Supplies,Central,33.792,8.0,10.56
Office Supplies,East,78.304,2.0,29.364
Office Supplies,West,443.92,5.0,-94.333
Office Supplies,South,7.16,2.0,3.4368
Office Supplies,West,10.89,1.0,2.8314
Office Supplies,South,28.048,2.0,3.506
Office Supplies,East,120.33,1.0,31.2858
Office Supplies,Central,143.728,2.0,-32.3388
Furniture,Central,845.488,8.0,-12.0784
Office Supplies,East,50.94,3.0,14.2632
Office Supplies,East,6.258,2.0,-5.215
Office Supplies,Central,5.04,2.0,1.764
Office Supplies,Central,14.16,1.0,1.062
Office Supplies,East,25.32,5.0,9.1785
Office Supplies,West,83.79,7.0,22.6233
Office Supplies,East,6.03,3.0,2.9547
Office Supplies,South,30.0,6.0,14.4
Office Supplies,Central,8.85,5.0,-13.7175
Office Supplies,Central,16.032,3.0,5.6112
Office Supplies,West,6.63,3.0,1.7901
Office Supplies,West,12.96,2.0,6.2208
Office Supplies,West,32.4,5.0,15.552
Furniture,West,1194.165,5.0,210.735
Furniture,East,3.312,1.0,0.6624
Office Supplies,South,42.208,2.0,13.7176
Office Supplies,Central,37.464,7.0,12.1758
Office Supplies,West,310.12,2.0,80.6312
Furniture,West,674.352,3.0,-8.4294
Office Supplies,East,14.9,5.0,1.043
Technology,West,107.88,3.0,10.788
Furniture,West,12.42,3.0,4.4712
Furniture,East,14.368,2.0,3.9512
Office Supplies,West,23.32,2.0,6.0632
Office Supplies,West,6.608,2.0,2.2302
Technology,West,258.576,2.0,19.3932
Office Supplies,West,541.24,4.0,5.4124
Office Supplies,West,14.88,2.0,3.72
Office Supplies,East,222.32,7.0,25.011
Furniture,Central,368.97,3.0,40.5867
Office Supplies,South,19.44,3.0,9.3312
Furniture,Central,179.886,1.0,-2.5698
Furniture,West,26.25,3.0,11.025
Office Supplies,West,64.96,14.0,22.736
Technology,West,41.6,4.0,13.0
Furniture,West,113.888,2.0,9.9652
Office Supplies,East,9.248,2.0,3.3524
Furniture,East,191.646,3.0,31.941
Technology,East,197.97,3.0,53.4519
Furniture,South,28.272,2.0,6.3612
Office Supplies,South,259.136,4.0,-51.8272
Furniture,South,21.36,8.0,8.1168
Technology,East,83.988,2.0,-20.997
Office Supplies,West,99.87,3.0,23.9688
Office Supplies,South,32.776,1.0,2.4582
Office Supplies,East,28.752,3.0,10.0632
Office Supplies,West,18.56,4.0,6.496
Technology,East,59.97,3.0,14.9925
Office Supplies,East,117.96,2.0,5.898
Furniture,East,3.984,1.0,0.6474
Technology,East,95.968,4.0,28.7904
Technology,East,206.991,3.0,-172.4925
Office Supplies,East,90.48,3.0,33.93
Office Supplies,Central,91.68,3.0,45.84
Office Supplies,West,83.92,5.0,29.372
Office Supplies,Central,26.4,5.0,12.672
Technology,South,503.96,4.0,125.99
Furniture,Central,22.608,3.0,-10.1736
Office Supplies,West,92.94,3.0,41.823
Office Supplies,Central,25.9,5.0,12.691
Office Supplies,Central,25.99,1.0,7.5371
Office Supplies,West,99.2,5.0,25.792
Office Supplies,South,56.3,2.0,15.764
Office Supplies,South,32.4,5.0,15.552
Furniture,West,171.288,3.0,-6.4233
Office Supplies,West,12.96,2.0,6.2208
Office Supplies,West,307.776,7.0,111.5688
Technology,South,360.0,4.0,129.6
Technology,West,415.968,4.0,51.996
Office Supplies,West,37.94,2.0,18.2112
Technology,Central,517.9,2.0,134.654
Office Supplies,West,8.96,2.0,4.3008
Office Supplies,East,17.184,6.0,6.2292
Office Supplies,East,10.368,2.0,1.5552
Technology,East,83.97,3.0,23.5116
Technology,West,214.95,5.0,88.1295
Office Supplies,West,146.73,3.0,68.9631
Office Supplies,South,37.408,7.0,13.0928
Furniture,Central,14.56,5.0,-6.188
Office Supplies,Central,342.864,3.0,38.5722
Technology,Central,297.55,5.0,83.314
Technology,East,159.98,2.0,57.5928
Office Supplies,East,3.928,1.0,1.3257
Office Supplies,Central,252.784,4.0,-417.0936
Office Supplies,West,98.352,3.0,35.6526
Office Supplies,Central,12.992,2.0,-32.48
Furniture,South,61.0,5.0,25.62
Technology,East,479.95,5.0,129.5865
Furniture,East,887.271,3.0,-63.3765
Office Supplies,Central,5.768,2.0,-13.5548
Office Supplies,Central,33.12,4.0,11.592
Furniture,East,242.352,3.0,9.0882
Office Supplies,East,12.957,7.0,-9.5018
Office Supplies,Central,15.712,4.0,5.6956
Office Supplies,Central,21.93,3.0,10.0878
Office Supplies,Central,242.94,3.0,4.8588
Office Supplies,Central,265.17,1.0,47.7306
Furniture,East,466.32,3.0,34.974
Furniture,West,532.704,6.0,-39.9528
Office Supplies,East,5.344,1.0,1.8704
Office Supplies,West,35.4,5.0,13.452
Office Supplies,South,78.6,5.0,-62.88
Office Supplies,South,1036.624,2.0,51.8312
Technology,East,258.528,2.0,-47.3968
Office Supplies,West,23.36,2.0,11.68
Technology,West,627.168,4.0,70.5564
Office Supplies,East,11.12,4.0,2.8912
Office Supplies,South,12.53,1.0,5.8891
Office Supplies,Central,4.448,2.0,0.3336
Furniture,West,963.136,4.0,108.3528
Furniture,East,262.864,7.0,69.0018
Office Supplies,West,93.024,3.0,33.7212
Office Supplies,South,67.64,5.0,5.9185
Technology,South,119.976,3.0,-17.9964
Technology,East,776.85,5.0,-181.265
Technology,West,239.984,2.0,23.9984
Office Supplies,Central,28.85,5.0,14.425
Office Supplies,South,62.192,13.0,19.435
Office Supplies,South,23.88,6.0,11.2236
Office Supplies,South,15.92,5.0,2.786
Office Supplies,East,18.76,2.0,9.0048
Office Supplies,West,6.56,2.0,1.9024
Office Supplies,West,32.896,4.0,11.1024
Office Supplies,East,254.9,5.0,68.823
Technology,West,33.18,2.0,11.613
Furniture,Central,16.74,2.0,4.3524
Office Supplies,Central,74.352,3.0,26.9526
Office Supplies,West,3.75,1.0,1.8
Office Supplies,Central,12.672,3.0,-3.168
Office Supplies,Central,6.47,5.0,-9.705
Furniture,East,573.174,7.0,63.686
Office Supplies,East,23.65,1.0,6.149
Office Supplies,East,10.272,3.0,3.21
Technology,West,601.536,8.0,60.1536
Office Supplies,Central,13.392,3.0,5.022
Office Supplies,South,2.624,1.0,0.4264
Technology,West,165.6,3.0,-6.21
Technology,East,430.88,2.0,124.9552
Office Supplies,East,29.95,5.0,8.6855
Office Supplies,West,9.408,2.0,3.4104
Office Supplies,West,4.672,2.0,1.46
Office Supplies,East,2.907,3.0,-2.0349
Office Supplies,West,15.36,2.0,-3.264
Technology,West,230.376,3.0,20.1579
Office Supplies,East,375.34,1.0,18.767
Office Supplies,Central,2.896,1.0,-4.7784
Office Supplies,Central,132.696,3.0,9.9522
Technology,Central,223.96,5.0,11.198
Furniture,Central,318.43,5.0,-77.333
Technology,Central,122.92,7.0,46.095
Office Supplies,Central,13.468,13.0,-22.8956
Office Supplies,South,244.55,5.0,114.9385
Office Supplies,West,17.12,4.0,7.704
Office Supplies,Central,24.85,7.0,11.6795
Furniture,West,170.352,3.0,19.1646
Furniture,South,101.52,5.0,19.035
Furniture,West,72.784,1.0,0.0
Technology,West,107.984,1.0,9.4486
Office Supplies,West,7.8,3.0,2.106
Office Supplies,West,25.92,4.0,12.4416
Office Supplies,Central,3.136,2.0,-4.704
Office Supplies,Central,20.736,4.0,7.2576
Technology,West,99.98,2.0,7.9984
Office Supplies,West,12.176,1.0,4.4138
Office Supplies,South,319.76,14.0,147.0896
Technology,South,44.95,1.0,12.586
Office Supplies,West,35.88,6.0,17.5812
Office Supplies,East,11.952,3.0,4.0338
Office Supplies,East,36.48,6.0,18.24
Office Supplies,South,22.96,7.0,7.5768
Technology,South,28.99,1.0,8.4071
Office Supplies,West,27.496,7.0,9.2799
Office Supplies,East,63.924,7.0,-46.8776
Technology,West,494.376,3.0,49.4376
Office Supplies,West,29.2,5.0,9.855
Office Supplies,West,11.91,3.0,0.1191
Technology,West,159.96,4.0,51.1872
Office Supplies,West,19.194,7.0,-12.796
Office Supplies,Central,1.696,2.0,-2.544
Technology,East,437.85,3.0,131.355
Office Supplies,Central,137.352,3.0,8.5845
Furniture,East,113.6,8.0,44.304
Furniture,South,218.376,3.0,-10.9188
Office Supplies,East,14.376,3.0,4.8519
Furniture,Central,341.96,5.0,-427.45
Office Supplies,South,39.936,4.0,-26.624
Office Supplies,West,23.88,6.0,8.1192
Office Supplies,Central,262.336,8.0,95.0968
Office Supplies,East,186.912,6.0,-35.046
Technology,Central,241.176,3.0,15.0735
Technology,Central,52.68,3.0,19.755
Furniture,Central,2.032,1.0,-1.3208
Office Supplies,West,17.904,4.0,-14.92
Office Supplies,West,203.52,3.0,54.9504
Office Supplies,East,122.97,3.0,60.2553
Office Supplies,East,81.54,9.0,36.693
Office Supplies,Central,22.288,7.0,3.9004
Technology,West,159.968,4.0,29.994
Office Supplies,Central,505.32,3.0,31.5825
Furniture,West,435.999,3.0,5.1294
Office Supplies,Central,73.008,9.0,26.4654
Office Supplies,East,30.44,4.0,14.3068
Office Supplies,West,34.24,8.0,9.9296
Furniture,Central,32.064,3.0,-12.8256
Furniture,West,290.666,2.0,3.4196
Office Supplies,Central,14.352,3.0,4.485
Furniture,East,32.448,2.0,7.3008
Technology,Central,1287.45,5.0,244.6155
Furniture,East,24.048,9.0,7.2144
Office Supplies,West,52.76,2.0,24.2696
Furniture,East,215.544,4.0,-58.5048
Office Supplies,South,1.869,1.0,-1.3083
Furniture,Central,5.312,2.0,-1.5936
Office Supplies,Central,169.99,1.0,78.1954
Technology,South,36.99,1.0,9.9873
Office Supplies,East,81.98,2.0,40.1702
Furniture,East,101.4,5.0,38.532
Office Supplies,West,65.79,9.0,30.2634
Technology,Central,67.176,3.0,6.7176
Technology,West,239.97,3.0,86.3892
Office Supplies,Central,8.26,2.0,3.8822
Office Supplies,West,262.24,2.0,78.672
Office Supplies,West,182.72,8.0,84.0512
Technology,Central,95.84,4.0,34.742
Office Supplies,Central,1927.59,7.0,751.7601
Office Supplies,East,126.624,6.0,41.1528
Furniture,West,128.9,2.0,15.468
Furniture,Central,16.192,2.0,-8.5008
Office Supplies,South,6.264,3.0,2.0358
Furniture,West,359.499,3.0,-29.6058
Office Supplies,South,3.76,2.0,1.0904
Office Supplies,West,27.264,2.0,8.8608
Technology,South,471.92,2.0,29.495
Office Supplies,South,58.72,4.0,27.0112
Office Supplies,South,31.504,11.0,11.814
Technology,East,71.976,3.0,19.7934
Technology,East,47.984,2.0,14.3952
Technology,Central,492.768,4.0,55.4364
Office Supplies,East,286.79,7.0,74.5654
Office Supplies,South,5.08,1.0,1.651
Office Supplies,South,19.89,9.0,5.3703
Office Supplies,South,140.736,4.0,12.3144
Furniture,South,133.38,6.0,58.6872
Office Supplies,East,10.848,2.0,3.5256
Office Supplies,West,540.57,3.0,140.5482
Technology,Central,34.95,5.0,15.378
Technology,South,158.376,3.0,13.8579
Technology,West,703.71,6.0,-938.28
Furniture,South,1202.94,3.0,300.735
Furniture,West,24.27,3.0,8.7372
Office Supplies,South,30.44,2.0,14.9156
Technology,East,5.94,3.0,1.6038
Office Supplies,West,15.24,5.0,5.334
Technology,South,209.97,3.0,71.3898
Office Supplies,Central,152.688,2.0,-26.7204
Technology,South,4.728,3.0,0.7092
Office Supplies,East,900.08,4.0,117.0104
Office Supplies,Central,3.392,4.0,-5.088
Office Supplies,Central,509.488,7.0,-127.372
Office Supplies,East,533.94,3.0,154.8426
Office Supplies,Central,6.912,3.0,0.864
Office Supplies,South,569.536,4.0,64.0728
Technology,Central,404.94,3.0,109.3338
Technology,South,38.97,3.0,0.7794
Office Supplies,East,1369.764,6.0,-913.176
Technology,West,159.968,4.0,-31.9936
Office Supplies,West,11.62,2.0,3.6022
Technology,Central,549.99,1.0,274.995
Furniture,East,5.352,3.0,1.6056
Office Supplies,South,10.44,1.0,4.8024
Office Supplies,South,5.2,2.0,0.585
Office Supplies,West,56.16,6.0,17.55
Technology,South,75.0,3.0,18.0
Technology,Central,812.736,8.0,60.9552
Office Supplies,West,330.4,2.0,85.904
Technology,South,170.24,2.0,53.2
Office Supplies,East,43.44,8.0,21.2856
Office Supplies,South,17.64,4.0,8.1144
Office Supplies,West,12.96,2.0,6.2208
Office Supplies,East,2.655,1.0,-1.8585
Technology,West,59.98,2.0,26.3912
Office Supplies,East,23.16,5.0,-15.44
Furniture,South,2430.08,8.0,388.8128
Office Supplies,South,11.43,3.0,5.3721
Office Supplies,Central,7.98,1.0,3.99
Office Supplies,South,32.064,6.0,11.2224
Office Supplies,Central,5443.96,4.0,2504.2216
Office Supplies,East,465.18,3.0,120.9468
Office Supplies,West,41.86,7.0,18.837
Office Supplies,Central,9.248,2.0,3.3524
Office Supplies,West,273.92,8.0,99.296
Office Supplies,West,356.79,7.0,99.9012
Office Supplies,Central,149.352,3.0,50.4063
Office Supplies,Central,32.232,3.0,2.4174
Office Supplies,East,29.34,3.0,13.4964
Office Supplies,East,30.4,1.0,13.984
Office Supplies,East,9.555,5.0,-7.3255
Technology,West,5.56,1.0,1.7375
Technology,East,1091.93,7.0,272.9825
Technology,East,539.964,6.0,-107.9928
Office Supplies,East,52.272,3.0,9.801
Office Supplies,West,69.52,2.0,19.4656
Office Supplies,East,30.53,1.0,14.0438
Office Supplies,East,8.0,5.0,3.44
Office Supplies,East,10.332,3.0,-7.5768
Furniture,South,129.92,4.0,10.3936
Office Supplies,West,487.984,2.0,152.495
Office Supplies,West,32.4,5.0,15.552
Office Supplies,South,115.36,7.0,56.5264
Office Supplies,Central,638.73,9.0,166.0698
Office Supplies,South,113.568,2.0,-21.294
Office Supplies,South,8.688,3.0,2.9322
Furniture,South,6.408,3.0,1.4418
Technology,East,258.9,10.0,93.204
Office Supplies,West,27.888,7.0,9.0636
Furniture,East,127.936,8.0,4.7976
Technology,West,103.92,10.0,-18.186
Office Supplies,Central,10.368,2.0,3.7584
Furniture,East,332.832,4.0,-24.9624
Furniture,West,508.704,6.0,0.0
Office Supplies,Central,125.88,6.0,60.4224
Office Supplies,Central,21.9,5.0,10.512
Technology,East,464.97,3.0,209.2365
Office Supplies,Central,4.41,1.0,2.0286
Office Supplies,West,9.84,3.0,3.2472
Furniture,West,241.424,2.0,-36.2136
Technology,West,806.336,8.0,50.396
Technology,West,31.992,1.0,4.7988
Furniture,West,141.96,2.0,22.7136
Office Supplies,West,79.4,5.0,5.955
Furniture,East,37.93,1.0,6.8274
Furniture,East,15.168,2.0,3.792
Office Supplies,Central,34.176,3.0,-87.1488
Technology,Central,222.384,2.0,16.6788
Furniture,East,10.68,4.0,4.0584
Technology,South,249.95,5.0,107.4785
Office Supplies,East,43.056,9.0,15.6078
Office Supplies,East,12.576,4.0,4.0872
Office Supplies,West,18.72,2.0,3.51
Technology,West,63.824,2.0,13.5626
Office Supplies,East,41.96,2.0,7.9724
Office Supplies,East,12.912,3.0,4.6806
Technology,Central,10.9,1.0,3.052
Office Supplies,Central,10.56,2.0,4.752
Office Supplies,East,16.52,4.0,7.5992
Office Supplies,East,60.12,9.0,28.8576
Office Supplies,West,118.25,5.0,34.2925
Office Supplies,Central,21.96,2.0,6.1488
Furniture,Central,25.16,5.0,-11.322
Office Supplies,West,321.92,4.0,96.576
Technology,East,119.85,3.0,52.734
Technology,Central,559.71,3.0,-121.2705
Office Supplies,Central,19.648,2.0,6.6312
Technology,South,71.976,3.0,8.997
Office Supplies,West,35.0,7.0,16.8
Office Supplies,East,17.472,3.0,5.6784
Office Supplies,Central,18.936,3.0,-3.7872
Office Supplies,South,720.064,4.0,-63.0056
Office Supplies,West,51.016,7.0,8.2901
Office Supplies,Central,29.05,5.0,9.0055
Office Supplies,West,22.776,3.0,7.6869
Office Supplies,East,16.032,6.0,2.2044
Office Supplies,West,57.23,1.0,14.3075
Furniture,West,333.0,3.0,-16.65
Office Supplies,East,3.984,1.0,1.3944
Furniture,South,523.764,3.0,-192.0468
Office Supplies,East,51.968,2.0,-10.3936
Office Supplies,South,35.008,4.0,13.128
Office Supplies,South,11.76,5.0,1.323
Office Supplies,South,5.238,2.0,-4.0158
Technology,Central,79.984,2.0,13.9972
Office Supplies,South,12.192,3.0,4.1148
Furniture,South,146.136,3.0,16.4403
Technology,East,120.0,8.0,13.2
Furniture,South,1056.86,7.0,306.4894
Office Supplies,West,104.85,1.0,50.328
Office Supplies,East,81.92,4.0,22.1184
Office Supplies,East,5.76,2.0,1.6128
Office Supplies,Central,107.44,10.0,10.744
Furniture,Central,1458.65,5.0,423.0085
Furniture,Central,476.8,2.0,119.2
Furniture,East,76.14,3.0,26.649
Office Supplies,East,19.96,2.0,9.3812
Furniture,South,141.96,2.0,35.49
Office Supplies,East,26.388,4.0,-17.592
Office Supplies,Central,1.556,2.0,-4.2012
Office Supplies,West,480.74,2.0,14.4222
Furniture,Central,781.864,10.0,-137.976
Office Supplies,West,9.78,2.0,4.0098
Furniture,West,383.64,6.0,122.7648
Office Supplies,Central,4.36,2.0,0.1744
Office Supplies,West,26.4,5.0,0.0
Technology,Central,393.54,3.0,165.2868
Technology,West,238.0,2.0,38.08
Technology,West,148.32,9.0,63.7776
Technology,Central,180.96,5.0,13.572
Office Supplies,South,23.472,3.0,7.6284
Office Supplies,South,86.058,7.0,-63.1092
Technology,South,108.784,2.0,6.799
Office Supplies,West,209.7,2.0,100.656
Office Supplies,Central,9.98,5.0,-16.467
Technology,South,48.9,5.0,18.093
Office Supplies,Central,10.368,2.0,3.6288
Technology,East,47.984,2.0,-1.1996
Office Supplies,West,270.34,14.0,75.6952
Furniture,East,31.984,2.0,1.1994
Office Supplies,Central,18.16,2.0,1.816
Technology,Central,470.376,3.0,52.9173
Technology,Central,83.97,3.0,15.9543
Furniture,West,311.976,3.0,-42.8967
Office Supplies,South,63.96,4.0,30.7008
Technology,Central,359.976,3.0,35.9976
Office Supplies,West,137.24,5.0,46.3185
Office Supplies,West,30.98,1.0,13.941
Office Supplies,South,64.704,3.0,23.4552
Office Supplies,West,9.4,5.0,2.726
Technology,West,13999.96,4.0,6719.9808
Office Supplies,East,7.968,2.0,2.8884
Office Supplies,West,13.216,4.0,4.4604
Office Supplies,East,835.17,7.0,16.7034
Office Supplies,West,17.34,3.0,8.4966
Office Supplies,South,44.384,1.0,15.5344
Office Supplies,West,5.904,2.0,1.9926
Technology,West,164.792,1.0,18.5391
Furniture,Central,255.108,6.0,-18.222
Office Supplies,East,17.248,2.0,6.0368
Technology,West,56.4,3.0,3.384
Furniture,Central,5.47,1.0,2.3521
Office Supplies,East,40.2,5.0,18.09
Office Supplies,South,11.277,3.0,-8.6457
Office Supplies,Central,38.28,6.0,17.6088
Office Supplies,South,27.86,7.0,9.1938
Office Supplies,East,34.74,3.0,17.37
Office Supplies,East,41.328,7.0,14.9814
Office Supplies,West,255.85,7.0,112.574
Office Supplies,South,41.376,3.0,4.6548
Office Supplies,East,2152.776,3.0,726.5619
Furniture,Central,860.93,7.0,189.4046
Furniture,West,63.47,11.0,19.041
Office Supplies,Central,4.344,3.0,0.8688
Furniture,Central,8.544,2.0,-7.476
Office Supplies,East,21.3,5.0,8.733
Office Supplies,South,8.64,3.0,4.2336
Furniture,East,8.28,2.0,2.9808
Technology,East,82.782,3.0,-15.1767
Office Supplies,Central,35.168,2.0,-8.3524
Office Supplies,West,29.9,5.0,13.455
Office Supplies,East,3.424,1.0,1.07
Furniture,East,353.568,2.0,-44.196
Technology,East,383.952,6.0,76.7904
Office Supplies,East,8.016,3.0,1.1022
Furniture,West,20.24,1.0,7.8936
Office Supplies,West,14.352,3.0,4.6644
Office Supplies,Central,132.16,1.0,9.912
Office Supplies,East,32.088,7.0,11.2308
Office Supplies,Central,9.156,3.0,-13.734
Office Supplies,Central,23.992,2.0,-62.3792
Office Supplies,South,9.96,2.0,4.8804
Furniture,South,605.34,6.0,145.2816
Office Supplies,Central,5.184,1.0,1.8144
Technology,Central,35.98,2.0,10.0744
Furniture,West,572.16,3.0,35.76
Technology,West,156.792,1.0,17.6391
Office Supplies,South,3.104,1.0,0.3492
Office Supplies,South,10.272,3.0,0.8988
Office Supplies,South,47.808,12.0,15.5376
Technology,South,978.84,9.0,110.1195
Office Supplies,Central,13.14,9.0,-21.681
Office Supplies,Central,7.04,2.0,3.3088
Office Supplies,East,2079.4,5.0,582.232
Office Supplies,Central,1.408,2.0,-2.3232
Office Supplies,West,7.857,3.0,-6.0237
Office Supplies,East,20.7,2.0,9.936
Office Supplies,East,17.94,3.0,3.0498
Office Supplies,West,62.8,4.0,15.7
Office Supplies,Central,12.94,2.0,6.47
Office Supplies,Central,14.016,4.0,-31.536
Technology,West,71.976,3.0,8.997
Office Supplies,West,19.44,3.0,9.3312
Technology,East,19.04,4.0,-1.428
Office Supplies,West,37.44,6.0,16.848
Technology,East,285.576,4.0,-57.1152
Office Supplies,East,35.91,3.0,9.6957
Office Supplies,South,54.66,6.0,18.0378
Office Supplies,South,67.344,6.0,7.5762
Technology,South,2624.985,3.0,-944.9946
Technology,Central,399.54,2.0,-79.908
Furniture,South,18.69,7.0,7.1022
Office Supplies,South,12.672,9.0,1.4256
Office Supplies,East,9.84,2.0,4.7232
Office Supplies,Central,17.61,3.0,8.4528
Office Supplies,West,8.82,3.0,2.3814
Office Supplies,South,239.5,5.0,114.96
Office Supplies,Central,9.762,3.0,-15.1311
Office Supplies,East,5.92,4.0,2.8416
Office Supplies,West,3.024,3.0,-0.6048
Technology,East,119.02,2.0,33.3256
Office Supplies,West,41.88,6.0,0.8376
Technology,West,471.92,2.0,29.495
Furniture,East,637.896,3.0,-127.5792
Technology,West,139.93,7.0,34.9825
Office Supplies,Central,15.696,3.0,5.1012
Office Supplies,West,419.4,5.0,146.79
Office Supplies,East,22.58,2.0,5.8708
Office Supplies,East,16.52,4.0,7.5992
Office Supplies,Central,6.08,1.0,-10.336
Office Supplies,East,19.44,3.0,9.3312
Office Supplies,West,164.88,3.0,80.7912
Office Supplies,East,55.008,3.0,17.19
Office Supplies,Central,58.924,1.0,-153.2024
Office Supplies,South,14.2,2.0,6.532
Technology,East,55.176,3.0,15.8631
Technology,South,629.95,5.0,163.787
Technology,South,799.92,10.0,239.976
Office Supplies,West,35.88,6.0,17.5812
Technology,East,1687.8,4.0,742.632
Office Supplies,East,17.04,3.0,7.668
Office Supplies,West,22.55,5.0,8.7945
Office Supplies,Central,8.928,2.0,0.6696
Office Supplies,Central,9.99,1.0,4.4955
Technology,West,304.776,3.0,22.8582
Office Supplies,Central,67.4,5.0,17.524
Technology,West,189.95,5.0,45.588
Furniture,South,504.9,5.0,126.225
Office Supplies,West,45.36,7.0,21.7728
Office Supplies,Central,56.704,2.0,19.1376
Furniture,Central,257.94,3.0,67.0644
Office Supplies,South,24.56,2.0,11.5432
Office Supplies,Central,128.4,3.0,64.2
Office Supplies,East,62.28,4.0,29.2716
Furniture,West,482.664,8.0,85.176
Office Supplies,West,18.288,6.0,6.6294
Technology,East,128.85,3.0,3.8655
Furniture,Central,332.028,9.0,-348.6294
Office Supplies,South,194.7,5.0,9.735
Office Supplies,Central,11.416,4.0,-18.8364
Office Supplies,East,9.408,7.0,0.7056
Office Supplies,West,43.92,4.0,11.8584
Office Supplies,East,8.74,2.0,2.2724
Furniture,South,39.92,4.0,11.1776
Furniture,East,20.9,5.0,7.524
Office Supplies,South,154.9,5.0,40.274
Office Supplies,South,10.688,2.0,2.2712
Office Supplies,West,5083.96,5.0,1906.485
Furniture,West,196.784,2.0,-22.1382
Office Supplies,East,167.94,3.0,82.2906
Office Supplies,Central,209.94,6.0,54.5844
Office Supplies,Central,137.62,2.0,60.5528
Office Supplies,West,8.0,2.0,3.84
Office Supplies,Central,12.588,3.0,-20.1408
Furniture,West,871.4,4.0,148.138
Office Supplies,West,946.764,6.0,-694.2936
Technology,West,167.976,3.0,10.4985
Office Supplies,West,32.4,5.0,15.552
Furniture,West,582.336,8.0,-29.1168
Office Supplies,West,12.96,2.0,6.2208
Furniture,West,129.39,3.0,54.3438
Technology,South,4367.896,13.0,327.5922
Office Supplies,East,1085.42,7.0,282.2092
Office Supplies,South,161.376,6.0,12.1032
Furniture,South,2.784,2.0,0.4176
Office Supplies,Central,13.04,5.0,3.912
Office Supplies,West,33.568,2.0,11.7488
Technology,West,666.344,7.0,66.6344
Furniture,South,876.3,10.0,-292.1
Furniture,West,902.712,3.0,33.8517
Office Supplies,West,88.752,3.0,27.735
Furniture,South,258.75,3.0,77.625
Furniture,South,82.38,6.0,25.5378
Technology,West,23.976,3.0,-5.6943
Furniture,East,47.4,5.0,18.96
Office Supplies,East,14.952,2.0,-11.9616
Furniture,West,35.445,1.0,-24.1026
Technology,East,71.976,3.0,0.8997
Office Supplies,East,55.984,2.0,4.1988
Furniture,East,384.768,2.0,-115.4304
Furniture,East,523.92,5.0,-26.196
Office Supplies,West,7.92,1.0,2.772
Office Supplies,South,544.38,3.0,157.8702
Office Supplies,Central,45.36,7.0,21.7728
Technology,West,99.54,2.0,10.9494
Office Supplies,West,106.96,2.0,31.0184
Office Supplies,South,36.96,4.0,12.012
Furniture,West,111.0,2.0,14.43
Office Supplies,Central,131.94,3.0,35.6238
Office Supplies,Central,25.92,4.0,8.2944
Office Supplies,South,71.28,11.0,34.2144
Office Supplies,West,11.232,3.0,3.9312
Office Supplies,Central,20.544,6.0,6.42
Office Supplies,South,36.4,8.0,18.2
Technology,Central,159.75,5.0,11.1825
Furniture,West,303.25,5.0,63.6825
Technology,West,41.94,2.0,15.0984
Office Supplies,South,31.008,1.0,11.2404
Office Supplies,South,17.48,2.0,8.2156
Office Supplies,West,36.624,3.0,13.734
Furniture,Central,384.944,4.0,-126.4816
Furniture,East,183.968,2.0,-25.2956
Technology,East,1259.97,3.0,327.5922
Office Supplies,East,68.97,3.0,19.3116
Technology,Central,1439.968,4.0,485.9892
Office Supplies,East,25.984,1.0,-5.1968
Office Supplies,East,901.95,3.0,297.6435
Technology,West,1626.192,9.0,121.9644
Furniture,South,7.04,4.0,3.0976
Office Supplies,West,23.92,4.0,4.0664
Technology,East,617.97,3.0,160.6722
Office Supplies,East,49.568,2.0,15.49
Office Supplies,East,849.95,5.0,390.977
Furniture,East,190.848,3.0,-21.4704
Technology,West,35.36,2.0,-3.094
Office Supplies,South,113.94,6.0,54.6912
Office Supplies,West,27.18,3.0,12.231
Office Supplies,East,70.95,3.0,18.447
Technology,West,57.408,6.0,5.7408
Furniture,East,166.5,2.0,-66.6
Office Supplies,East,415.176,3.0,134.9322
Office Supplies,Central,27.384,7.0,2.7384
Office Supplies,Central,10.368,2.0,3.6288
Office Supplies,West,104.696,1.0,6.5435
Technology,East,122.382,3.0,-24.4764
Office Supplies,Central,78.35,5.0,36.8245
Office Supplies,Central,29.12,4.0,14.2688
Furniture,West,12.56,2.0,4.0192
Furniture,West,47.04,4.0,15.9936
Office Supplies,West,43.96,2.0,20.6612
Technology,East,16.776,3.0,5.0328
Office Supplies,East,43.28,1.0,3.246
Furniture,West,129.568,2.0,-12.9568
Office Supplies,South,12.264,7.0,1.0731
Office Supplies,West,1332.496,2.0,-299.8116
Office Supplies,West,76.776,4.0,-58.8616
Office Supplies,East,66.03,3.0,17.1678
Office Supplies,East,12.96,2.0,6.2208
Office Supplies,West,15.552,3.0,5.4432
Office Supplies,South,24.1,5.0,11.086
Office Supplies,West,9.78,1.0,4.89
Office Supplies,West,9.296,2.0,3.0212
Office Supplies,Central,274.064,7.0,102.774
Office Supplies,Central,50.136,3.0,-11.2806
Office Supplies,West,30.84,5.0,9.6375
Furniture,East,8.128,2.0,1.4224
Office Supplies,West,38.88,6.0,19.0512
Technology,Central,1439.968,4.0,143.9968
Office Supplies,West,88.8,6.0,44.4
Technology,West,371.2,5.0,41.76
Office Supplies,West,361.96,2.0,101.3488
Technology,West,62.85,3.0,13.1985
Office Supplies,Central,9.64,2.0,4.4344
Office Supplies,South,22.32,3.0,5.58
Office Supplies,West,21.4,5.0,10.058
Office Supplies,West,73.344,3.0,27.504
Furniture,East,89.34,6.0,24.1218
Technology,East,269.98,2.0,67.495
Office Supplies,East,99.9,5.0,47.952
Office Supplies,East,7.38,1.0,3.6162
Technology,West,389.97,3.0,132.5898
Office Supplies,West,13.12,4.0,4.3296
Office Supplies,Central,5.936,7.0,-8.904
Furniture,Central,7.76,1.0,-2.134
Office Supplies,West,8.559,1.0,-6.5619
Office Supplies,East,274.491,3.0,-228.7425
Furniture,Central,127.869,3.0,-9.1335
Furniture,East,172.764,2.0,13.4372
Furniture,South,419.136,4.0,-57.6312
Technology,South,72.744,7.0,-12.7302
Office Supplies,South,28.782,6.0,-21.1068
Office Supplies,East,12.76,2.0,5.8696
Furniture,West,441.92,2.0,49.716
Technology,East,391.98,2.0,109.7544
Office Supplies,South,129.92,4.0,5.1968
Furniture,East,25.632,3.0,3.8448
Office Supplies,East,35.52,4.0,9.9456
Office Supplies,West,590.352,6.0,206.6232
Office Supplies,West,452.55,7.0,22.6275
Technology,East,158.376,4.0,-36.9544
Office Supplies,Central,91.6,5.0,26.564
Office Supplies,East,11.52,4.0,5.4144
Office Supplies,South,18.272,1.0,5.9384
Office Supplies,South,74.52,9.0,35.0244
Furniture,Central,5.584,2.0,-1.6752
Furniture,West,47.12,8.0,20.7328
Office Supplies,South,31.36,4.0,15.68
Office Supplies,South,47.616,3.0,3.5712
Office Supplies,Central,12.736,4.0,2.2288
Technology,Central,134.376,3.0,6.7188
Office Supplies,East,3.28,2.0,1.476
Technology,West,68.46,7.0,25.3302
Furniture,South,14.136,3.0,4.2408
Technology,East,70.72,4.0,-6.188
Office Supplies,East,36.63,3.0,9.8901
Office Supplies,Central,17.43,3.0,8.0178
Office Supplies,West,51.75,5.0,24.84
Furniture,West,123.96,3.0,11.1564
Furniture,Central,366.744,4.0,-110.0232
Office Supplies,East,447.86,7.0,219.4514
Office Supplies,East,15.48,3.0,4.4892
Furniture,Central,526.344,4.0,-75.192
Office Supplies,West,3.168,4.0,-2.5344
Technology,West,558.4,2.0,41.88
Furniture,West,141.96,2.0,41.1684
Furniture,East,434.646,3.0,62.7822
Technology,South,239.976,3.0,17.9982
Office Supplies,East,129.3,2.0,6.465
Office Supplies,West,4.158,7.0,-3.465
Office Supplies,East,23.696,2.0,6.5164
Furniture,East,844.116,6.0,-36.1764
Office Supplies,East,76.752,3.0,-9.594
Furniture,Central,6.984,2.0,-4.5396
Furniture,East,30.144,2.0,8.2896
Technology,South,863.928,9.0,86.3928
Office Supplies,West,13.376,4.0,4.6816
Office Supplies,East,10.584,7.0,-2.3814
Furniture,Central,347.361,7.0,-69.4722
Furniture,West,51.968,2.0,10.3936
Furniture,Central,22.608,3.0,-10.1736
Office Supplies,West,23.16,2.0,11.58
Furniture,West,145.9,5.0,62.737
Office Supplies,East,19.44,3.0,9.3312
Office Supplies,Central,322.192,13.0,100.685
Office Supplies,East,65.17,7.0,18.8993
Office Supplies,East,14.62,2.0,6.8714
Office Supplies,West,130.71,3.0,39.213
Furniture,West,435.168,4.0,-59.8356
Technology,West,62.31,3.0,22.4316
Furniture,West,801.568,2.0,50.098
Technology,Central,100.8,2.0,21.42
Furniture,West,521.96,2.0,88.7332
Office Supplies,West,61.96,2.0,27.882
Furniture,Central,268.935,3.0,-209.7693
Office Supplies,West,7.58,1.0,2.9562
Office Supplies,South,11.673,3.0,-7.782
Office Supplies,East,1117.92,4.0,55.896
Technology,East,629.93,7.0,296.0671
Office Supplies,West,212.64,6.0,99.9408
Office Supplies,West,9.87,3.0,4.5402
Office Supplies,Central,3812.97,3.0,1906.485
Furniture,East,658.746,3.0,146.388
Office Supplies,East,4.56,2.0,2.0064
Furniture,West,239.666,2.0,14.098
Furniture,West,35.544,1.0,-0.8886
Office Supplies,West,9.96,2.0,4.5816
Furniture,East,82.26,3.0,33.7266
Office Supplies,Central,221.16,4.0,57.5016
Furniture,West,35.28,3.0,11.9952
Technology,Central,946.344,7.0,118.293
Office Supplies,Central,20.736,4.0,7.2576
Office Supplies,Central,43.372,7.0,-69.3952
Technology,East,783.96,4.0,219.5088
Office Supplies,East,13.712,2.0,1.0284
Office Supplies,West,27.76,4.0,9.9936
Office Supplies,East,25.99,1.0,7.5371
Technology,Central,222.384,2.0,16.6788
Office Supplies,West,23.36,4.0,6.0736
Office Supplies,East,8.67,3.0,4.0749
Furniture,East,99.372,2.0,-7.098
Office Supplies,East,17.12,4.0,4.9648
Technology,West,89.97,3.0,37.7874
Furniture,West,52.416,9.0,15.0696
Office Supplies,East,552.56,5.0,-138.14
Office Supplies,West,27.696,3.0,9.6936
Office Supplies,East,24.96,4.0,11.232
Furniture,West,43.13,1.0,18.1146
Office Supplies,South,31.104,6.0,10.8864
Office Supplies,Central,32.56,2.0,8.4656
Technology,East,25.488,2.0,4.4604
Office Supplies,Central,10.272,3.0,3.21
Furniture,Central,301.96,2.0,33.2156
Office Supplies,East,30.44,2.0,14.9156
Office Supplies,West,17.94,3.0,8.073
Office Supplies,East,34.656,2.0,5.6316
Office Supplies,East,81.552,2.0,8.1552
Office Supplies,Central,463.248,8.0,-1181.2824
Office Supplies,South,1577.94,3.0,757.4112
Office Supplies,West,14.016,4.0,4.9056
Office Supplies,South,69.52,2.0,19.4656
Office Supplies,East,13.776,3.0,4.4772
Office Supplies,Central,60.144,6.0,20.2986
Office Supplies,East,8.96,2.0,4.3904
Technology,South,199.95,5.0,63.984
Office Supplies,West,11.76,2.0,5.7624
Furniture,South,27.58,2.0,11.5836
Furniture,West,111.9,6.0,51.474
Office Supplies,East,14.96,4.0,0.2992
Technology,East,280.782,3.0,-60.8361
Office Supplies,West,5.88,2.0,2.646
Office Supplies,South,31.12,4.0,0.3112
Office Supplies,West,51.168,2.0,-6.396
Office Supplies,West,8.94,3.0,0.6258
Furniture,West,9.24,3.0,4.4352
Office Supplies,Central,27.72,3.0,3.465
Furniture,South,1690.04,4.0,422.51
Technology,East,239.97,3.0,67.1916
Furniture,West,594.816,2.0,59.4816
Office Supplies,Central,1.824,2.0,0.6156
Technology,South,32.985,3.0,-1.9791
Office Supplies,Central,18.496,4.0,6.7048
Office Supplies,South,5.32,2.0,2.6068
Office Supplies,West,6.208,2.0,0.6984
Office Supplies,South,1263.3,6.0,315.825
Office Supplies,South,17.44,2.0,1.308
Office Supplies,South,32.4,5.0,15.552
Office Supplies,East,7.968,2.0,2.8884
Office Supplies,West,481.32,4.0,125.1432
Office Supplies,West,13.98,1.0,3.6348
Office Supplies,West,12.96,2.0,6.3504
Office Supplies,East,22.92,4.0,11.0016
Office Supplies,West,107.648,2.0,33.64
Office Supplies,East,14.62,2.0,6.7252
Office Supplies,Central,3.798,3.0,-5.8869
Office Supplies,West,35.96,2.0,10.4284
Technology,South,47.79,3.0,16.2486
Furniture,Central,254.058,3.0,-32.6646
Furniture,East,173.94,3.0,38.2668
Office Supplies,Central,2.296,2.0,-3.9032
Office Supplies,East,4.98,1.0,2.3406
Office Supplies,East,10.272,3.0,1.1556
Technology,South,90.48,2.0,23.5248
Technology,South,71.98,2.0,15.1158
Furniture,East,42.85,5.0,15.426
Office Supplies,West,12.536,1.0,4.2309
Office Supplies,West,1.08,2.0,-0.792
Office Supplies,West,59.52,3.0,15.4752
Technology,Central,267.96,5.0,16.7475
Office Supplies,West,19.9,5.0,6.567
Office Supplies,West,16.9,5.0,6.253
Office Supplies,West,11.68,2.0,3.942
Furniture,Central,60.89,1.0,15.2225
Office Supplies,Central,12.96,2.0,6.2208
Office Supplies,West,69.48,1.0,20.844
Furniture,Central,14.224,2.0,-10.3124
Office Supplies,West,30.56,4.0,14.9744
Technology,East,128.85,3.0,3.8655
Technology,Central,479.976,3.0,161.9919
Furniture,South,207.984,2.0,-28.5978
Office Supplies,South,36.112,2.0,12.6392
Furniture,South,35.568,2.0,5.7798
Technology,West,39.96,5.0,3.4965
Furniture,Central,362.25,6.0,0.0
Technology,South,717.12,9.0,152.388
Office Supplies,West,133.12,5.0,49.92
Furniture,Central,75.384,9.0,-20.7306
Office Supplies,Central,20.568,3.0,1.5426
Furniture,East,61.96,4.0,-53.2856
Office Supplies,West,3.108,2.0,-2.1756
Furniture,Central,2678.94,6.0,241.1046
Technology,West,112.776,3.0,-8.4582
Office Supplies,South,13.092,4.0,-10.0372
Office Supplies,West,56.7,5.0,27.783
