캐럿,컷등급,색상등급,선명도등급,가격_달러
1.05,Ideal,F,VVS2,9092
2.24,Premium,H,SI2,16656
0.31,Good,H,SI1,402
0.26,Good,D,VS1,403
2.0,Good,H,SI1,16650
2.04,Good,D,SI1,18468
1.04,Ideal,F,SI1,5495
0.31,Ideal,E,VVS1,865
0.3,Ideal,E,VS2,658
1.05,Premium,G,IF,9012
0.75,Premium,E,SI1,2760
0.35,Ideal,D,SI2,522
2.66,Good,H,SI2,18495
0.53,Ideal,G,VVS2,1818
0.75,Good,I,VVS1,2381
0.3,Ideal,D,VS2,911
0.42,Very Good,G,SI1,751
0.32,Ideal,E,VS2,846
0.73,Premium,G,VS1,2770
0.28,Ideal,G,IF,650
0.73,Very Good,H,SI1,2001
0.53,Ideal,G,SI1,1166
0.5,Good,F,SI1,975
0.54,Ideal,E,VVS2,2776
0.51,Very Good,G,SI1,1220
0.38,Premium,H,SI1,812
1.03,Premium,H,VS1,5523
0.64,Premium,D,VS2,2243
0.71,Ideal,F,SI2,2386
0.4,Ideal,F,SI1,945
0.7,Very Good,F,VS2,2507
0.31,Very Good,D,VS2,692
1.56,Premium,G,SI2,8858
1.05,Ideal,G,VS2,7070
0.41,Very Good,E,SI1,755
0.3,Premium,E,VS2,658
0.57,Ideal,E,VS2,1654
0.77,Good,G,VS1,2788
2.01,Ideal,G,SI1,18736
0.51,Ideal,D,VVS2,2718
0.81,Good,G,SI2,2789
1.0,Premium,E,SI1,5445
0.9,Very Good,E,VS2,4925
0.72,Premium,I,IF,2795
0.5,Ideal,E,SI1,1259
0.71,Premium,D,SI1,2797
0.51,Premium,E,VS2,1567
1.51,Good,G,SI2,7695
0.3,Premium,G,VVS2,878
0.83,Ideal,G,SI1,2800
2.1,Premium,H,SI2,16629
0.5,Premium,D,SI2,1279
1.09,Ideal,E,SI2,5127
0.71,Premium,F,VS2,2801
0.87,Very Good,G,SI2,2802
1.34,Ideal,I,VVS2,8079
0.51,Ideal,E,SI2,1177
1.79,Ideal,J,VS2,10658
0.71,Premium,G,VS1,2803
0.42,Ideal,G,IF,1251
0.35,Ideal,E,VS1,945
1.05,Premium,H,VS1,5886
0.94,Very Good,G,VVS1,6088
0.39,Ideal,F,VS1,956
1.0,Very Good,G,VVS2,7453
0.57,Premium,E,VS1,2753
1.11,Very Good,D,SI2,5042
0.47,Very Good,G,VVS1,1780
0.5,Ideal,G,VVS2,1779
0.53,Ideal,H,SI1,1205
0.7,Very Good,F,VS1,2810
0.51,Premium,E,VS2,1656
1.03,Ideal,F,VVS2,10049
0.3,Very Good,H,SI1,554
1.12,Premium,F,VVS2,10211
0.4,Premium,E,SI1,945
0.71,Ideal,G,SI1,2604
0.35,Ideal,G,SI1,555
0.31,Premium,I,SI1,418
0.72,Ideal,F,SI2,2674
0.91,Good,I,VS2,2813
0.31,Premium,H,VS2,489
1.53,Very Good,E,VS2,14282
0.51,Ideal,H,SI2,1016
1.6,Premium,G,SI1,11189
0.3,Ideal,H,VS1,675
2.0,Ideal,G,VS2,17760
1.56,Ideal,I,VS2,9295
1.5,Premium,H,SI2,7187
0.5,Premium,F,SI1,1231
0.51,Ideal,F,VS2,1619
0.7,Very Good,H,VS1,2540
0.31,Very Good,F,SI1,663
0.38,Very Good,G,VS2,766
0.34,Ideal,G,VVS2,995
0.44,Good,F,SI2,974
0.7,Ideal,J,VVS1,1945
0.46,Very Good,F,VVS1,1657
0.7,Premium,J,IF,2150
0.3,Fair,F,SI1,496
1.5,Very Good,G,VS2,12156
1.16,Ideal,H,SI2,4797
0.71,Very Good,E,VS2,2830
0.42,Very Good,E,VS2,958
0.51,Very Good,H,VS2,1414
1.09,Ideal,E,VVS2,10333
0.39,Ideal,F,VS2,1053
0.51,Very Good,D,VVS1,2834
1.08,Fair,H,VVS2,5171
0.32,Premium,I,VVS2,720
1.57,Very Good,I,VS1,10682
2.14,Premium,J,SI2,13205
1.05,Ideal,E,SI1,6316
0.65,Ideal,H,SI1,1908
2.33,Good,G,SI2,13242
0.32,Ideal,E,VS2,637
0.33,Premium,F,VS2,666
0.7,Fair,F,VS1,2381
1.08,Premium,H,VS2,5775
0.75,Very Good,F,SI2,2840
0.5,Very Good,F,SI1,1106
0.41,Premium,E,SI2,818
1.14,Premium,G,SI1,5801
0.37,Very Good,G,VS1,696
1.03,Ideal,G,VS1,7119
0.79,Ideal,D,SI1,2846
0.32,Ideal,G,VVS1,1080
1.51,Premium,I,VS2,9682
1.12,Ideal,H,SI1,5838
0.75,Fair,D,SI2,2848
0.79,Ideal,G,SI2,2453
0.7,Very Good,G,SI1,2276
1.2,Very Good,G,VS1,8442
0.49,Premium,D,VVS2,1940
0.3,Ideal,G,VS2,984
0.7,Premium,F,SI2,2213
1.71,Premium,E,SI1,14319
0.31,Ideal,I,VVS1,557
1.03,Fair,E,I1,1262
0.9,Premium,E,VS1,5438
0.33,Ideal,I,SI1,557
1.03,Ideal,F,VVS2,9413
0.34,Ideal,H,SI1,647
0.81,Very Good,H,SI1,2562
1.5,Good,G,SI2,9116
0.6,Ideal,E,VVS2,2860
0.7,Very Good,D,SI1,2862
0.32,Premium,I,VS1,648
2.02,Premium,I,SI2,14211
0.7,Premium,E,VS2,2862
0.3,Very Good,F,VS2,524
0.2,Ideal,E,VS2,367
0.33,Premium,G,IF,984
0.84,Premium,F,SI2,2863
1.02,Premium,G,VS2,6058
0.9,Premium,J,VS2,2863
0.7,Very Good,J,VVS2,1968
0.33,Premium,G,VVS2,927
0.7,Ideal,H,VVS1,2866
1.16,Very Good,G,VVS2,8361
1.33,Premium,G,VS1,9992
0.83,Ideal,E,SI2,2870
0.59,Very Good,F,SI1,1595
0.3,Premium,H,VVS1,796
0.41,Ideal,F,VVS1,1356
0.42,Ideal,E,VS1,1177
0.74,Very Good,J,IF,2277
1.01,Good,D,VS2,6912
0.51,Ideal,E,VS2,1413
0.7,Good,H,VVS1,2877
0.43,Premium,D,SI1,774
0.51,Ideal,E,VS1,1851
0.98,Premium,I,I1,2064
0.54,Ideal,F,VVS1,2882
0.43,Very Good,G,VS1,943
1.5,Premium,D,SI2,10206
0.32,Very Good,F,VVS1,886
0.71,Very Good,D,SI1,2887
0.7,Very Good,D,SI1,2374
0.55,Premium,G,SI1,1377
0.52,Very Good,H,SI1,1161
2.32,Ideal,G,SI2,18532
0.72,Ideal,D,SI1,2891
1.3,Ideal,F,SI2,6559
0.54,Premium,D,VS1,1994
0.37,Premium,G,VS2,649
0.71,Very Good,G,VS2,2895
0.51,Ideal,F,VS2,1569
0.59,Ideal,F,SI2,1221
0.5,Very Good,D,VS2,1752
2.01,Ideal,I,SI1,16562
0.31,Ideal,H,VVS1,687
0.51,Ideal,E,SI2,1170
2.57,Premium,J,SI1,18485
1.05,Fair,H,SI2,2717
1.0,Premium,G,VVS2,6702
0.56,Ideal,H,SI1,1214
0.61,Ideal,E,VVS2,2907
0.51,Ideal,D,VS1,1873
1.5,Premium,G,SI1,10219
0.31,Very Good,I,VS2,558
0.51,Very Good,J,VS2,1008
0.47,Premium,E,SI2,1072
0.71,Ideal,H,VS1,2909
0.35,Ideal,I,VS2,630
1.01,Very Good,F,VS1,7455
1.56,Ideal,I,VS1,10399
1.22,Very Good,I,SI2,5072
1.02,Ideal,D,SI1,6040
0.7,Very Good,E,VS2,2755
0.32,Ideal,E,VS1,898
0.31,Good,G,VS2,544
1.01,Very Good,F,SI1,4969
0.7,Premium,E,SI1,2592
0.65,Ideal,F,VVS2,2921
1.01,Good,E,SI1,4986
0.54,Ideal,G,SI1,1292
0.41,Ideal,E,VVS2,1381
0.7,Very Good,D,SI1,2628
0.5,Very Good,E,SI2,1104
0.71,Ideal,F,VS2,2930
0.46,Very Good,D,SI2,844
0.71,Very Good,J,SI2,1764
1.53,Premium,H,VS1,11413
0.47,Ideal,I,VVS1,1365
1.26,Ideal,H,VS1,7691
0.71,Very Good,D,SI1,2690
0.79,Very Good,E,SI2,2941
0.53,Ideal,G,SI1,1371
2.19,Premium,H,SI2,17554
0.79,Ideal,E,SI1,2946
0.57,Ideal,E,VS2,1949
0.74,Ideal,I,VS1,2947
0.73,Ideal,G,VS1,2948
0.36,Premium,G,VS1,932
0.4,Ideal,G,VS1,877
2.0,Ideal,I,SI2,15092
0.54,Ideal,F,VVS1,2951
1.0,Ideal,I,VS1,5385
0.55,Ideal,I,VVS1,1593
0.5,Ideal,E,VS2,1624
0.34,Ideal,D,VS2,805
0.72,Ideal,D,SI1,2954
0.51,Premium,F,VS1,1744
0.7,Ideal,F,VS2,2956
0.43,Very Good,E,SI2,671
0.81,Ideal,H,SI1,2482
0.7,Very Good,E,SI1,2459
0.71,Good,F,VVS2,2960
1.24,Very Good,I,SI2,5497
0.96,Premium,E,SI2,2961
1.03,Ideal,E,SI2,5491
0.39,Premium,F,VVS1,1290
0.32,Ideal,G,VVS1,814
0.71,Very Good,D,SI1,2964
0.4,Ideal,E,SI1,945
0.51,Ideal,D,VS2,1807
0.9,Premium,J,VS1,2964
0.27,Ideal,H,VVS2,623
0.75,Ideal,F,SI1,2966
1.25,Premium,E,VS1,11088
1.07,Premium,F,VS2,6274
1.0,Premium,H,VS2,5404
0.54,Ideal,I,VS2,1266
0.27,Premium,H,VVS2,486
0.5,Very Good,G,VS1,1592
0.34,Very Good,D,VS2,730
3.0,Fair,H,I1,8044
0.5,Premium,H,VVS1,1710
0.91,Fair,F,SI1,2971
0.4,Premium,G,VVS1,1123
1.23,Premium,E,SI1,7274
0.75,Ideal,G,VS1,2973
4.01,Premium,I,I1,15223
0.3,Ideal,F,VS1,754
0.73,Very Good,J,VS2,1952
0.33,Premium,G,VVS1,1114
1.28,Very Good,H,SI2,5984
1.0,Good,G,VS1,5921
0.52,Premium,F,SI1,1338
0.41,Ideal,F,VVS2,1192
1.57,Ideal,E,SI2,10550
0.51,Ideal,G,VVS2,1974
0.33,Premium,I,IF,891
0.35,Premium,D,SI1,827
0.41,Good,E,VVS1,957
0.75,Ideal,G,VS2,2991
0.32,Ideal,G,VS2,720
0.33,Ideal,E,VS1,850
1.24,Premium,J,I1,2994
0.5,Ideal,D,VS2,1628
1.21,Very Good,G,SI1,6190
0.77,Ideal,E,SI1,3000
0.56,Ideal,D,VS2,1753
0.36,Ideal,H,IF,980
0.3,Ideal,G,IF,863
0.33,Very Good,I,VS2,463
0.75,Very Good,E,SI1,3005
0.59,Ideal,E,SI1,1789
1.03,Very Good,D,SI1,5393
1.2,Ideal,G,SI1,7372
0.52,Premium,G,VS1,1815
0.51,Very Good,D,VVS2,2289
0.8,Ideal,D,SI1,3011
0.4,Ideal,H,SI2,540
0.32,Ideal,F,VS1,900
0.5,Ideal,E,VS2,1746
0.31,Premium,F,VS2,802
0.31,Ideal,H,IF,789
0.97,Fair,F,SI2,2338
0.7,Very Good,F,VS2,2552
0.42,Very Good,D,VS1,1066
1.01,Ideal,G,VS2,5946
0.26,Very Good,E,VVS1,657
0.54,Premium,G,VVS2,2090
0.46,Ideal,H,VS1,1401
2.03,Very Good,E,SI2,14646
0.7,Premium,I,VS1,2234
0.39,Very Good,G,VVS2,875
0.75,Premium,E,VS2,3024
1.27,Premium,F,VVS2,11905
0.51,Good,F,SI1,1406
0.39,Ideal,G,VS2,857
0.24,Ideal,H,IF,504
0.72,Very Good,E,VS2,3035
0.71,Ideal,E,VS2,3035
0.52,Very Good,F,VS2,1550
0.3,Very Good,J,VS1,394
0.32,Premium,G,VS2,561
0.32,Ideal,G,VS2,561
0.72,Very Good,F,SI2,2158
0.77,Very Good,J,VS2,1843
1.08,Ideal,I,VS2,5357
0.32,Premium,G,VS2,561
1.37,Ideal,G,IF,13439
0.7,Very Good,H,VS1,2399
0.33,Ideal,G,VS1,666
0.73,Premium,H,SI2,1927
0.3,Premium,I,VS1,608
1.2,Very Good,G,SI2,5250
0.41,Ideal,F,VS1,1007
0.9,Ideal,J,VS1,3048
0.72,Premium,D,SI1,3048
0.7,Very Good,J,VS2,1997
2.01,Premium,I,VS2,15379
0.57,Ideal,D,VS2,1963
0.53,Ideal,G,VVS1,2005
0.3,Ideal,G,VVS2,655
1.15,Very Good,G,VVS2,9068
0.38,Very Good,G,VS1,1031
1.51,Premium,D,SI1,12738
0.28,Ideal,F,SI1,453
0.33,Ideal,F,VVS1,955
1.3,Very Good,I,VS2,6290
3.0,Very Good,H,I1,6512
0.51,Ideal,E,SI2,1205
2.08,Premium,G,SI2,12883
3.01,Good,I,SI2,18242
0.72,Ideal,F,SI1,2737
0.53,Very Good,F,VS2,1636
0.5,Premium,G,SI1,1286
1.08,Ideal,G,SI1,5352
1.2,Premium,E,VVS1,13321
0.76,Ideal,E,VS2,3079
0.5,Ideal,G,VS1,1746
0.37,Premium,D,VVS2,1145
1.66,Premium,H,VS2,10993
0.63,Ideal,F,VS1,2644
2.01,Very Good,H,SI1,16901
0.3,Ideal,E,VS2,658
0.81,Premium,G,VS2,3084
0.3,Premium,D,VS2,710
0.41,Ideal,E,SI2,876
0.76,Ideal,E,SI1,3087
0.31,Ideal,E,VS1,871
0.58,Ideal,F,VVS1,3090
0.4,Ideal,F,I1,630
1.03,Ideal,F,VS2,6809
1.72,Very Good,F,SI1,13622
0.35,Ideal,F,VS1,839
0.77,Good,H,VVS1,3096
0.43,Premium,D,VS2,1129
0.37,Premium,G,VS1,957
0.37,Ideal,D,VS2,1003
0.9,Very Good,I,SI2,3099
0.52,Ideal,F,VS1,1872
1.24,Ideal,F,VVS2,12059
0.41,Premium,E,SI1,755
1.5,Very Good,I,VS1,9519
0.41,Premium,D,SI2,876
1.2,Good,F,VS2,8990
0.33,Very Good,D,SI1,608
0.31,Ideal,G,VS1,802
0.34,Good,H,VVS1,775
0.34,Premium,F,VS2,686
0.54,Ideal,E,VS2,1765
0.32,Premium,H,VS1,561
0.32,Very Good,G,VS2,561
0.25,Very Good,E,VS2,480
0.32,Premium,H,VS1,561
1.18,Ideal,G,VS1,8414
1.59,Ideal,D,SI1,13298
0.77,Good,G,SI2,2550
0.45,Fair,E,VS2,951
0.3,Premium,I,VVS1,709
1.4,Very Good,G,VS1,11262
0.33,Ideal,E,VS2,928
0.33,Ideal,E,VS2,792
0.75,Good,G,SI2,2115
0.58,Premium,E,VS2,2535
0.53,Ideal,H,VS1,1607
0.71,Ideal,F,VS2,3116
0.41,Premium,G,VS1,961
0.9,Very Good,G,SI2,3123
1.02,Premium,G,VS2,5581
0.25,Ideal,H,VS2,472
0.72,Ideal,H,VVS1,3124
1.0,Very Good,H,VVS1,6296
0.31,Very Good,F,VS1,675
2.01,Good,E,SI2,17115
1.2,Premium,H,SI2,5376
2.0,Premium,G,SI2,17136
0.71,Good,F,SI1,2258
0.27,Ideal,E,VS1,470
0.31,Very Good,G,VS2,544
0.75,Ideal,E,VS2,3136
0.78,Good,H,VS2,2440
1.11,Premium,D,SI2,5134
0.3,Premium,I,VVS2,526
0.79,Very Good,E,SI1,3138
0.26,Good,F,VVS1,524
0.9,Very Good,E,I1,2200
0.81,Ideal,F,SI1,3146
1.06,Ideal,I,SI2,3146
1.0,Good,G,VS2,5002
0.3,Good,G,VS1,605
1.22,Premium,E,SI2,6012
1.01,Ideal,D,SI2,5051
0.32,Premium,G,VVS1,842
0.4,Very Good,E,SI1,725
1.01,Premium,E,SI1,5525
2.16,Premium,H,SI2,11473
0.58,Premium,G,VS1,1884
0.33,Ideal,F,SI1,705
1.26,Ideal,I,SI2,5363
0.31,Ideal,G,SI1,493
0.72,Premium,G,SI1,2212
1.74,Very Good,D,SI1,16286
1.01,Fair,H,SI2,3167
0.43,Premium,G,VS2,1113
2.01,Premium,H,SI2,15917
0.59,Very Good,E,VS2,2145
0.3,Premium,G,VS1,605
0.72,Good,G,VS2,2311
0.56,Ideal,E,VS1,2117
0.93,Fair,G,SI2,3172
1.01,Fair,G,SI2,3173
0.32,Very Good,G,SI1,477
0.33,Premium,E,SI1,743
0.9,Good,I,SI1,3176
1.74,Premium,J,SI2,8690
2.05,Ideal,H,VS2,18659
1.0,Premium,G,VS1,6115
0.4,Good,H,SI2,561
0.39,Ideal,I,VVS1,805
0.67,Very Good,G,VVS1,3178
1.08,Ideal,D,SI1,6539
0.31,Ideal,F,VS2,749
1.06,Premium,H,VS2,5889
1.04,Ideal,G,SI1,5311
0.4,Ideal,D,VVS2,1693
0.4,Good,F,VVS2,936
1.01,Premium,G,VS2,5864
0.33,Ideal,E,VS1,1002
0.7,Premium,D,VS1,3183
2.74,Very Good,H,SI2,17184
0.29,Ideal,G,VVS2,607
1.21,Very Good,H,VS2,6684
0.28,Ideal,G,IF,650
1.01,Fair,G,VS2,4887
0.71,Ideal,H,IF,3190
0.34,Premium,I,VS2,612
2.01,Premium,J,VS2,13572
0.51,Very Good,E,VVS2,2056
1.2,Ideal,G,VS1,8701
0.91,Very Good,F,SI1,3195
0.41,Ideal,E,VVS2,1187
1.5,Good,I,SI1,8736
0.32,Premium,E,VVS2,842
0.42,Ideal,F,VVS1,1656
0.7,Very Good,H,SI1,2048
0.26,Very Good,G,VVS2,426
1.75,Ideal,H,I1,7409
1.02,Premium,G,VVS2,7602
0.54,Ideal,G,VS1,1726
0.59,Ideal,E,VS2,1883
0.58,Ideal,D,VVS1,3206
1.56,Very Good,I,SI1,8470
0.7,Very Good,G,VVS1,3208
0.69,Very Good,F,SI1,1951
0.39,Ideal,D,VS2,1197
0.31,Ideal,E,IF,1214
0.86,Premium,H,SI2,2757
0.58,Ideal,G,IF,2528
0.42,Ideal,H,SI1,700
1.02,Ideal,D,SI1,5266
1.64,Ideal,F,SI1,13289
0.31,Ideal,D,SI1,732
1.15,Ideal,E,VVS1,12447
0.56,Ideal,G,VS2,1580
2.29,Premium,I,VS2,18823
0.32,Ideal,D,VS2,972
1.53,Ideal,F,VS1,15592
0.51,Ideal,D,VVS2,3223
1.27,Ideal,G,VS2,8705
1.0,Ideal,E,VS2,6871
0.32,Ideal,G,VVS2,936
0.73,Very Good,E,VS1,3226
0.37,Ideal,I,VS2,603
0.31,Ideal,F,IF,1168
0.4,Ideal,E,VVS1,1333
0.3,Ideal,E,VVS2,766
0.96,Premium,I,SI2,3229
0.3,Ideal,E,VVS2,721
1.52,Premium,H,SI2,8127
0.7,Very Good,F,VVS2,3234
0.56,Ideal,E,VS2,1819
0.7,Good,I,SI1,1763
0.4,Good,J,VS1,631
1.02,Good,H,SI1,4796
0.77,Very Good,G,VS1,3240
0.81,Very Good,E,SI1,3243
1.01,Good,H,SI1,4836
0.3,Ideal,H,IF,1013
1.19,Ideal,D,VS2,7916
0.3,Ideal,I,VS1,473
0.34,Premium,G,SI1,650
1.52,Fair,G,SI2,5533
1.01,Very Good,G,VS2,6047
1.0,Premium,H,VS2,4930
0.52,Premium,F,VS1,1872
0.39,Ideal,G,VVS2,952
1.07,Premium,F,SI1,5042
0.31,Ideal,E,VVS1,865
1.71,Premium,H,VS2,13376
0.71,Ideal,G,SI1,2136
0.76,Ideal,H,VVS2,3249
2.14,Ideal,I,SI2,14452
0.7,Premium,F,SI1,2161
1.07,Ideal,E,VS2,7240
2.35,Premium,H,SI1,17999
0.76,Good,G,SI1,2425
1.14,Ideal,H,SI1,7079
0.57,Ideal,G,SI1,1441
0.41,Ideal,D,SI2,683
0.41,Ideal,F,VS2,1107
1.15,Ideal,E,VS2,9967
0.51,Ideal,F,SI2,1169
0.91,Very Good,J,VS2,3258
0.41,Premium,E,SI2,683
1.0,Premium,F,VVS2,8602
0.3,Premium,E,VS2,844
1.51,Very Good,E,SI1,11263
1.0,Good,J,VVS2,3265
0.23,Good,E,VVS2,530
1.27,Ideal,G,VVS1,10805
0.58,Ideal,F,SI1,1401
1.2,Premium,F,VVS2,11021
0.56,Ideal,D,VVS1,3270
1.7,Premium,F,SI2,11322
0.9,Good,E,SI1,3274
0.5,Ideal,E,VS2,1624
0.32,Ideal,E,IF,1095
0.9,Premium,I,SI1,3276
1.65,Very Good,H,SI2,8020
1.54,Fair,E,SI1,12581
0.56,Ideal,G,SI1,1755
0.31,Premium,E,VS2,680
0.3,Ideal,D,VS1,661
0.41,Very Good,G,VVS1,1151
0.32,Ideal,G,VS1,645
0.78,Very Good,H,SI2,2316
1.09,Ideal,D,SI1,6133
0.5,Ideal,E,VVS2,2206
1.02,Ideal,E,VS2,8225
0.57,Very Good,F,VVS2,2351
0.71,Ideal,H,IF,3290
1.01,Ideal,E,VS2,7240
0.9,Premium,I,VS2,3292
0.8,Ideal,F,SI1,3293
0.4,Good,E,SI1,687
0.74,Premium,D,VS2,3294
0.8,Ideal,E,SI1,3297
0.3,Ideal,H,VVS2,776
1.31,Ideal,G,VS1,10359
0.26,Premium,E,VVS2,724
2.11,Ideal,H,SI2,12179
1.27,Premium,I,SI1,5547
1.01,Very Good,I,SI2,3299
1.67,Premium,I,VS1,11400
1.01,Ideal,D,SI2,4753
0.4,Good,I,VS2,855
1.0,Very Good,E,VS2,6245
0.73,Ideal,H,IF,3301
0.91,Very Good,E,VS2,4823
1.01,Ideal,F,SI2,4843
2.0,Premium,F,SI1,18493
0.73,Ideal,J,SI1,2184
0.5,Very Good,G,VVS2,1838
0.53,Ideal,F,VS1,1740
1.01,Premium,H,VS2,5303
0.38,Ideal,D,VVS1,1992
0.78,Fair,H,VS2,2691
0.51,Ideal,F,VS2,1442
1.01,Very Good,F,VVS2,8922
0.31,Ideal,G,VVS2,707
2.02,Premium,G,SI2,15498
0.76,Premium,H,VVS1,3311
0.57,Ideal,D,SI2,1333
0.46,Very Good,F,VS2,1258
0.4,Ideal,F,VVS1,1323
0.75,Premium,H,SI1,2329
0.66,Ideal,E,SI2,1560
0.3,Premium,F,VS2,776
0.74,Very Good,E,VS2,3323
2.0,Premium,F,SI2,11198
0.34,Premium,F,SI1,727
0.7,Ideal,H,VVS2,3325
1.21,Ideal,I,VS2,5387
0.41,Good,E,VVS2,1060
1.09,Ideal,H,VS1,6643
0.4,Ideal,E,VS1,1180
0.55,Ideal,E,VS2,1816
0.86,Very Good,J,SI2,1950
0.33,Premium,H,VS1,743
0.3,Premium,I,VS1,608
0.61,Ideal,D,VVS2,3336
1.01,Premium,I,SI1,3337
1.02,Premium,G,VS2,6169
0.33,Ideal,H,VVS1,752
0.52,Very Good,E,VS1,1601
0.74,Ideal,F,VS1,3340
0.71,Ideal,E,VS2,3342
1.0,Premium,F,I1,3344
0.92,Very Good,I,SI1,3345
0.71,Ideal,E,VS1,3346
0.32,Very Good,F,VS2,828
0.3,Premium,H,VVS2,605
0.53,Ideal,E,VS2,1721
0.36,Ideal,D,VVS2,1042
2.04,Ideal,F,SI2,16261
0.31,Ideal,F,VS2,749
0.45,Fair,F,VS2,1037
0.38,Ideal,G,VVS2,929
1.5,Premium,D,SI1,12179
0.55,Ideal,F,SI2,1263
0.52,Ideal,E,VS2,1815
0.56,Premium,G,VS1,1999
0.31,Ideal,G,IF,840
0.52,Ideal,E,SI1,1577
0.4,Very Good,H,VVS1,1139
1.28,Very Good,I,SI1,5920
0.51,Ideal,D,VS2,1882
0.32,Premium,G,SI1,612
1.52,Ideal,G,VVS1,15959
0.31,Ideal,D,VS2,734
0.36,Ideal,D,VS2,928
0.76,Ideal,G,VS1,3372
0.52,Ideal,D,VVS1,3373
0.37,Premium,D,SI1,874
0.35,Premium,G,VVS1,1103
0.42,Ideal,G,VVS2,961
1.39,Ideal,I,SI2,6544
1.51,Premium,G,SI2,7695
0.3,Ideal,G,IF,863
1.7,Fair,D,I1,5617
2.54,Ideal,G,SI2,17339
0.71,Very Good,I,VVS2,2495
0.31,Premium,H,VVS2,802
2.03,Ideal,I,SI1,14548
1.09,Ideal,F,IF,11888
0.3,Ideal,F,VS2,567
1.06,Premium,E,SI1,5485
1.01,Good,D,SI1,5055
1.57,Ideal,H,I1,5170
0.3,Ideal,F,VS2,568
0.3,Premium,G,VS2,675
1.54,Premium,G,SI2,8969
1.04,Premium,D,VS2,6814
0.72,Very Good,I,VVS1,2562
0.31,Premium,I,SI1,537
0.31,Premium,G,VVS1,816
0.58,Ideal,D,SI1,1829
0.3,Very Good,E,SI1,526
0.31,Ideal,F,VVS1,884
0.43,Premium,F,SI1,1016
0.5,Premium,E,VS2,1676
1.31,Ideal,F,SI1,9331
0.39,Good,G,VS2,734
0.3,Premium,H,SI1,540
0.4,Premium,F,SI1,769
1.51,Good,I,VS2,8720
2.0,Fair,I,VS1,12907
0.81,Ideal,G,VS2,3397
0.63,Premium,D,VS1,2554
1.01,Very Good,G,VVS2,7267
0.3,Very Good,J,VS1,506
1.62,Ideal,I,VVS2,11587
0.51,Premium,H,VS2,1202
1.5,Very Good,I,SI2,7211
1.5,Premium,E,SI2,9072
0.31,Ideal,H,VS1,544
0.3,Very Good,F,VS1,603
0.7,Very Good,G,VS1,2676
1.06,Very Good,I,VS1,5293
0.4,Good,G,VS2,909
0.52,Premium,D,VVS2,2467
0.91,Ideal,D,SI1,5535
0.3,Fair,D,VVS2,772
0.74,Very Good,G,VVS2,3413
1.03,Ideal,F,VS1,8237
1.24,Ideal,H,SI2,5937
0.51,Very Good,G,VS1,1656
0.5,Good,E,VS2,1752
0.33,Premium,G,VS1,666
1.06,Very Good,G,VS2,6483
0.81,Ideal,F,VVS2,4926
0.31,Premium,E,VVS1,1012
0.3,Ideal,F,SI1,641
0.52,Ideal,D,VS2,1868
1.04,Ideal,F,VVS2,9218
1.01,Premium,F,VS2,6097
1.59,Very Good,J,VS1,8515
1.04,Premium,E,SI2,4892
1.3,Ideal,F,VVS2,12734
0.26,Very Good,E,VVS2,597
2.42,Ideal,H,SI2,16826
2.18,Premium,H,SI2,11579
0.82,Very Good,I,VVS1,3443
0.51,Very Good,G,SI2,1100
1.18,Very Good,F,SI1,6053
2.04,Premium,H,SI2,11820
0.55,Ideal,H,VVS1,1741
1.55,Ideal,J,VS1,8548
0.78,Premium,F,VS1,3446
1.53,Ideal,I,SI1,9315
0.3,Ideal,H,VVS1,665
0.41,Ideal,F,VS2,1107
0.3,Ideal,G,VVS1,1013
0.56,Premium,E,SI1,1755
0.42,Ideal,E,VVS2,1273
0.31,Ideal,H,VS2,507
0.34,Ideal,H,VS1,596
0.31,Ideal,I,VS1,513
0.4,Ideal,E,VS1,1005
0.54,Very Good,D,VS2,1583
1.76,Ideal,G,VS1,18178
2.12,Premium,H,SI2,13307
0.84,Ideal,H,SI2,2593
0.32,Ideal,E,VS2,900
0.3,Fair,E,VVS2,945
0.3,Ideal,F,VS1,570
0.3,Premium,F,VS1,570
0.39,Ideal,E,VS1,1004
0.56,Premium,D,VS2,1963
1.21,Ideal,G,SI2,6017
0.56,Ideal,G,SI1,1417
0.73,Ideal,D,VS2,3464
0.33,Ideal,H,VVS2,633
0.53,Ideal,F,SI2,1279
1.03,Good,G,SI2,3466
0.33,Premium,H,VS2,668
0.55,Ideal,D,VVS2,3468
0.31,Premium,E,VVS2,1046
1.53,Ideal,H,SI2,7617
1.57,Ideal,G,VVS2,15144
1.04,Very Good,F,IF,10515
1.51,Premium,F,VS2,14247
0.9,Good,D,SI2,3473
0.41,Ideal,J,VS1,648
0.28,Very Good,E,VVS2,642
1.51,Premium,G,VS1,13811
1.52,Ideal,G,VS1,14482
0.91,Very Good,J,VS2,3478
0.31,Ideal,F,VS2,625
0.5,Premium,D,VS2,1845
0.3,Very Good,H,SI1,432
0.5,Very Good,G,SI1,1197
0.28,Very Good,E,VS1,452
0.83,Ideal,F,SI1,3482
0.9,Very Good,I,VS1,3484
0.77,Very Good,D,VS2,3489
0.89,Premium,H,VS1,3489
0.53,Ideal,G,IF,2247
0.9,Premium,G,SI2,3492
0.41,Premium,I,VVS2,1061
0.36,Ideal,F,VVS2,828
0.54,Ideal,D,VVS1,3494
1.21,Ideal,H,VVS2,9290
1.29,Ideal,J,SI1,6327
0.72,Very Good,E,SI1,2479
1.5,Fair,J,SI2,5268
1.57,Ideal,I,VS2,10278
0.31,Premium,J,SI1,465
0.31,Ideal,E,VVS2,755
0.9,Fair,H,VS1,3500
0.71,Ideal,D,SI1,3502
0.55,Ideal,E,VS2,1639
1.01,Very Good,D,VS2,7278
0.23,Very Good,F,VS1,402
0.42,Very Good,E,VVS1,1365
0.73,Ideal,F,VVS1,5154
1.01,Very Good,G,SI2,3507
0.36,Good,F,VVS1,858
0.75,Premium,H,SI2,2234
0.73,Ideal,I,SI1,2215
0.9,Ideal,F,SI1,5122
1.14,Ideal,G,SI1,6741
0.9,Very Good,E,SI1,3510
1.0,Fair,H,SI1,3511
0.55,Ideal,F,SI2,1175
1.13,Premium,E,SI1,5012
2.04,Very Good,I,VS2,16874
0.29,Ideal,G,SI1,420
0.41,Premium,F,VS2,863
1.07,Very Good,E,IF,11475
0.36,Premium,G,VS1,726
0.9,Very Good,F,SI2,3519
0.9,Very Good,F,SI2,3519
1.8,Premium,I,SI2,8457
0.9,Good,F,SI2,3519
0.42,Premium,G,VS2,847
1.02,Premium,E,I1,3519
2.04,Very Good,J,SI2,9482
0.82,Very Good,G,VS2,3528
0.5,Premium,G,VS1,1624
0.52,Ideal,I,SI1,950
0.54,Ideal,G,VVS1,2030
0.35,Ideal,I,VS1,571
1.01,Premium,H,VS2,4839
0.77,Ideal,F,VS2,3533
0.4,Ideal,E,SI1,945
0.24,Ideal,D,VVS2,526
0.92,Very Good,F,SI2,3534
0.33,Ideal,F,VVS1,964
0.74,Ideal,G,VVS1,3537
0.9,Fair,H,VS2,3538
1.41,Ideal,H,SI2,8030
0.3,Very Good,F,VVS2,737
1.02,Premium,D,SI2,4718
1.53,Premium,J,VS1,8205
0.52,Premium,G,VVS2,2012
1.26,Ideal,H,SI1,6715
2.03,Ideal,F,SI2,12677
1.2,Premium,D,SI2,5551
0.95,Very Good,I,SI1,3544
2.07,Ideal,J,VS2,11500
0.75,Premium,E,SI2,2372
0.31,Good,G,VVS2,907
1.22,Premium,I,SI1,5368
1.24,Very Good,E,VS1,10202
0.53,Ideal,D,VS2,1857
0.36,Ideal,E,VS2,1013
0.38,Ideal,E,IF,1300
0.32,Ideal,I,VS2,449
1.15,Premium,G,VS2,6955
0.51,Very Good,F,VS2,1574
1.23,Premium,H,VVS2,8004
0.54,Premium,I,VVS1,1637
0.4,Ideal,D,VVS1,1441
0.5,Very Good,G,SI1,1237
0.32,Ideal,G,SI1,508
0.27,Ideal,E,VVS2,620
1.15,Premium,G,SI1,5384
1.01,Very Good,F,VS2,6649
1.31,Good,H,SI2,5429
0.52,Premium,I,SI1,1105
1.15,Premium,G,I1,3574
0.41,Very Good,J,VVS2,754
0.34,Ideal,E,VVS1,946
0.9,Ideal,H,SI2,3578
0.71,Very Good,E,VVS2,3580
0.3,Premium,H,VVS1,684
0.51,Ideal,G,SI1,1284
0.7,Very Good,F,SI1,2573
0.52,Very Good,E,VS1,2092
0.3,Ideal,E,VVS2,742
0.56,Ideal,D,SI1,1814
0.9,Premium,E,VS1,5535
0.51,Very Good,E,VS2,1577
1.51,Good,H,SI2,8243
0.23,Very Good,E,IF,492
0.84,Premium,E,VS2,3591
0.63,Premium,F,SI1,1736
0.58,Ideal,D,SI2,1342
1.07,Ideal,G,SI2,3595
0.55,Ideal,G,VVS1,2042
1.49,Ideal,F,I1,6175
0.31,Premium,G,VS2,605
0.33,Ideal,G,VS1,854
0.84,Very Good,G,VS2,3596
0.9,Very Good,G,SI1,3597
1.0,Good,D,SI1,5642
0.31,Premium,G,VS2,544
1.11,Ideal,E,SI2,5262
0.3,Premium,H,VS2,473
1.0,Premium,F,SI1,5645
0.37,Ideal,G,IF,1056
1.13,Ideal,H,I1,3603
0.7,Premium,G,I1,1650
0.5,Ideal,E,VS1,1649
0.31,Very Good,D,SI1,571
0.7,Good,H,SI2,1856
0.33,Ideal,E,SI2,427
0.43,Premium,I,IF,1056
0.32,Ideal,D,VVS1,1067
0.7,Good,I,VS2,2268
0.59,Very Good,G,VS1,1915
2.01,Good,H,SI2,12423
0.3,Very Good,F,VVS1,858
0.31,Very Good,F,VS2,749
0.9,Premium,J,VVS1,3617
0.7,Premium,F,VS2,2717
0.3,Ideal,F,VVS1,857
0.74,Very Good,E,SI2,1632
0.77,Premium,G,SI1,2528
0.56,Ideal,D,VS2,2066
0.42,Very Good,H,VVS2,921
1.01,Very Good,D,SI1,5654
0.7,Very Good,E,IF,3622
0.54,Ideal,F,VVS2,2333
1.01,Premium,D,VS1,7785
2.54,Ideal,G,SI2,14421
1.0,Premium,H,VS2,5096
0.37,Premium,D,VVS2,1038
0.4,Ideal,G,VVS2,915
0.9,Premium,H,SI1,3629
0.9,Premium,H,VS2,3629
1.7,Ideal,G,VS1,13605
2.2,Premium,J,VS1,15064
0.5,Fair,G,SI2,1035
0.61,Ideal,J,VS1,1569
0.23,Ideal,G,VVS1,536
1.09,Ideal,F,SI1,6872
1.03,Premium,J,SI2,3634
0.33,Ideal,G,VVS1,838
0.79,Good,I,SI1,2095
0.3,Ideal,G,VVS1,1013
0.82,Premium,E,SI2,2329
0.61,Premium,F,SI1,1547
1.07,Very Good,H,VS1,6262
2.24,Ideal,I,SI2,16709
1.16,Good,G,SI2,3644
0.92,Good,E,SI1,3649
0.31,Ideal,E,SI1,544
0.61,Ideal,F,VS1,2366
0.31,Very Good,I,VVS2,544
1.1,Very Good,F,VVS1,10329
0.51,Ideal,I,SI1,1000
0.72,Very Good,E,SI2,2651
0.41,Premium,G,VS2,827
1.5,Good,D,SI2,7722
2.0,Good,G,SI2,11041
0.52,Ideal,E,VVS2,2371
0.9,Good,I,VS1,3666
1.16,Ideal,D,VVS2,12989
0.73,Very Good,F,VVS2,3669
0.7,Fair,F,VS2,2369
0.77,Very Good,H,VS2,2513
1.71,Ideal,H,SI1,12416
1.04,Good,F,SI1,5871
0.5,Premium,E,VS2,1624
0.4,Premium,H,VS2,945
0.96,Fair,E,SI2,3674
0.96,Very Good,F,SI1,4755
0.56,Ideal,H,VVS1,1929
1.24,Premium,H,SI1,6215
0.24,Ideal,F,VS1,572
0.58,Premium,G,SI1,1949
1.99,Premium,G,SI2,11486
1.01,Good,H,VS2,4959
1.54,Premium,G,VS1,13609
0.3,Ideal,H,VVS1,639
1.21,Ideal,F,VS2,8557
1.1,Ideal,F,I1,3690
0.35,Premium,D,SI2,522
1.0,Ideal,F,SI2,3696
0.9,Very Good,F,VS2,4715
1.0,Premium,G,SI2,3696
0.51,Premium,D,VVS2,2087
0.3,Ideal,G,IF,956
0.32,Ideal,E,VS2,900
0.71,Good,F,VS1,3701
0.43,Ideal,I,VS1,789
0.51,Very Good,G,SI1,1122
0.85,Very Good,F,VS2,3705
1.06,Ideal,G,VS2,6548
1.52,Premium,F,VS1,15522
0.79,Ideal,I,VS2,3710
0.4,Ideal,D,VVS2,1152
1.11,Ideal,G,VVS2,8858
0.71,Ideal,F,VS1,3710
2.21,Premium,H,SI2,14032
0.9,Ideal,G,SI1,4871
1.02,Premium,I,VS2,3713
0.5,Very Good,F,VVS2,1942
0.92,Very Good,G,SI2,3713
1.12,Ideal,E,VVS1,14407
1.01,Good,E,SI1,5724
0.73,Ideal,E,VVS2,3714
1.01,Ideal,F,SI1,5274
0.71,Ideal,D,SI1,2694
1.12,Premium,F,SI2,3723
0.7,Premium,E,SI2,2475
0.42,Premium,G,VVS1,1235
2.02,Premium,E,SI2,18117
0.4,Very Good,E,VVS1,1333
0.41,Premium,H,SI1,683
1.11,Very Good,J,VS2,3730
0.98,Very Good,H,SI2,3731
1.12,Premium,F,VVS2,10028
0.7,Premium,J,VVS2,1764
0.71,Ideal,H,SI2,2360
1.01,Ideal,D,VVS2,10860
0.9,Good,G,SI1,3734
0.38,Ideal,E,VS1,1069
2.01,Good,I,VS2,17497
0.7,Very Good,G,VS2,2501
1.13,Ideal,H,VS1,7571
0.7,Very Good,H,SI1,2273
0.3,Premium,J,VS1,506
1.07,Ideal,F,VS2,7564
0.21,Premium,E,SI2,394
0.4,Ideal,F,VS1,890
0.7,Very Good,F,VS2,2593
0.33,Ideal,F,VVS1,893
0.31,Ideal,E,VS2,872
0.36,Very Good,G,VVS2,753
1.01,Ideal,E,VVS1,10887
0.35,Ideal,D,VS2,1063
0.58,Ideal,H,SI1,1389
0.9,Very Good,G,SI1,3752
0.32,Ideal,G,VS1,645
0.82,Fair,G,SI1,2339
1.02,Premium,F,SI2,3754
0.42,Very Good,I,SI1,712
0.81,Ideal,F,VS2,3756
0.26,Ideal,F,VVS1,814
0.4,Premium,D,SI2,798
0.7,Very Good,H,SI2,2034
1.52,Premium,F,VS2,13389
0.53,Premium,E,VS2,1721
0.31,Good,H,VS2,489
0.42,Ideal,G,VS2,847
0.42,Very Good,G,SI1,687
0.51,Fair,F,SI1,1052
2.0,Premium,E,SI2,17760
0.33,Premium,D,SI2,631
0.5,Good,E,SI1,1232
2.3,Premium,G,I1,7226
0.3,Premium,G,IF,956
2.03,Ideal,I,SI2,13398
1.0,Premium,G,VS1,6552
0.52,Ideal,G,VVS1,1881
0.32,Premium,G,VVS1,1080
0.41,Very Good,I,VVS2,1061
0.4,Very Good,J,VS1,810
1.01,Ideal,F,SI2,3777
0.48,Premium,F,SI1,1110
0.71,Very Good,H,VVS2,2695
0.91,Premium,D,SI2,3781
0.75,Very Good,J,SI1,2083
1.07,Very Good,J,SI2,3783
1.16,Premium,G,SI1,6132
2.01,Ideal,H,SI1,14725
0.8,Very Good,H,SI2,2263
1.51,Ideal,I,VS2,9891
1.0,Good,G,VVS1,7467
0.78,Premium,G,SI2,2486
1.01,Very Good,D,SI2,4799
1.2,Very Good,G,SI1,6526
0.79,Very Good,E,VVS1,3796
0.26,Ideal,H,VS1,448
1.2,Premium,F,VS2,8964
1.09,Ideal,D,SI2,5267
0.3,Premium,H,IF,789
1.08,Premium,I,SI2,3805
0.9,Good,D,SI2,3806
0.42,Ideal,G,VS2,1087
1.0,Good,F,VS2,6030
0.4,Premium,G,SI1,702
0.3,Premium,I,SI1,506
0.71,Premium,J,SI1,1690
0.73,Ideal,E,SI2,2155
0.4,Ideal,F,IF,1261
0.34,Premium,I,SI1,574
0.91,Very Good,D,VS2,5825
0.3,Ideal,G,IF,844
0.31,Ideal,F,IF,921
0.51,Ideal,F,SI1,1580
0.7,Good,G,VS1,2625
1.01,Premium,I,SI2,3818
0.3,Ideal,D,SI1,524
0.4,Good,E,VS1,1138
0.33,Ideal,D,VS2,781
1.26,Very Good,D,SI1,7785
0.36,Ideal,D,VS1,1018
1.5,Very Good,J,VVS2,8427
0.43,Premium,E,SI1,792
2.11,Very Good,E,SI2,17871
0.51,Very Good,E,SI2,1098
1.14,Premium,H,SI2,3830
0.36,Premium,I,VS2,648
0.71,Good,J,VS2,1922
0.31,Ideal,G,VS2,544
0.31,Premium,G,VS2,544
1.01,Premium,F,SI2,3837
1.24,Very Good,G,SI1,6438
0.9,Premium,G,SI1,3841
0.7,Very Good,D,SI1,2686
0.93,Ideal,H,SI1,3844
0.91,Premium,E,SI2,3846
2.0,Ideal,H,SI1,18440
0.8,Good,G,VS2,2753
0.25,Very Good,G,VVS1,457
1.24,Very Good,F,VVS2,11130
0.32,Ideal,G,VVS1,1080
1.21,Ideal,G,VS2,6478
1.09,Very Good,G,VS1,7378
1.26,Ideal,G,VVS2,12066
0.47,Fair,E,SI1,828
0.71,Ideal,D,VVS2,3856
1.02,Premium,I,SI2,3856
1.02,Very Good,F,SI1,5301
0.31,Good,G,VS2,544
1.0,Good,F,SI2,3858
0.31,Premium,E,SI1,471
0.36,Ideal,J,SI1,439
1.2,Ideal,G,VS2,7741
0.41,Ideal,I,IF,930
0.3,Ideal,H,VVS2,776
0.3,Ideal,H,VVS1,878
0.48,Good,G,VS1,1199
0.9,Ideal,D,SI2,3871
1.1,Ideal,E,I1,3872
1.02,Very Good,E,VS1,7779
0.5,Very Good,E,SI1,1289
0.56,Ideal,E,VVS1,2750
1.57,Premium,H,VS1,11711
0.94,Very Good,D,SI1,4902
0.3,Ideal,E,VVS2,743
0.31,Premium,D,VS2,734
0.3,Premium,G,VS1,776
1.01,Ideal,H,SI1,5029
0.3,Ideal,D,SI1,709
0.4,Ideal,G,SI1,1084
2.43,Fair,G,SI2,14975
0.71,Ideal,G,VS2,2511
0.33,Premium,G,IF,1052
1.02,Good,H,SI2,3884
0.8,Ideal,F,VS1,3884
0.56,Ideal,D,VS1,2057
0.3,Premium,E,IF,1026
1.01,Very Good,I,SI1,3888
0.41,Premium,F,VVS2,1192
0.41,Premium,E,SI1,969
1.32,Ideal,G,VS1,9715
1.62,Premium,G,VS1,15188
1.0,Good,G,VS1,4805
1.04,Very Good,E,SI1,5662
0.42,Ideal,E,VS2,958
0.9,Good,E,SI2,3895
0.38,Premium,E,VS2,1112
0.75,Fair,D,SI1,2376
0.3,Good,H,VS1,675
1.01,Very Good,E,SI1,5499
0.73,Good,E,SI2,2388
0.42,Ideal,G,VVS2,1103
2.21,Premium,J,SI2,13642
1.58,Very Good,H,VVS2,12459
1.06,Premium,G,VVS2,7627
1.01,Ideal,E,SI1,5262
0.72,Ideal,F,SI2,2456
1.22,Ideal,F,VVS2,11730
0.81,Ideal,E,SI1,3913
0.31,Ideal,F,VVS1,1074
1.51,Very Good,G,VS2,11923
1.07,Ideal,H,SI2,4899
1.11,Very Good,H,SI1,5192
0.92,Very Good,F,SI1,3920
1.51,Premium,I,SI1,9177
1.02,Premium,E,VS2,7311
1.03,Ideal,J,SI1,3922
0.4,Very Good,J,VS2,596
1.13,Ideal,G,SI2,5164
1.05,Ideal,G,VS2,6486
0.31,Good,H,VVS2,625
0.6,Premium,F,VVS2,2350
0.51,Premium,E,SI1,1593
1.05,Ideal,H,SI1,5128
1.02,Good,H,SI2,3940
0.73,Ideal,E,SI2,2059
0.3,Premium,G,VS1,776
0.9,Very Good,F,VVS2,5504
0.43,Premium,H,I1,452
1.0,Very Good,G,VS2,6208
0.51,Very Good,F,VS2,1781
0.32,Ideal,G,IF,918
0.31,Ideal,F,VVS1,801
2.21,Premium,H,I1,6535
1.5,Premium,H,SI1,9697
2.27,Premium,J,VS1,17149
1.31,Ideal,F,SI2,6676
1.22,Premium,I,SI1,5466
1.01,Premium,E,VS2,6787
1.0,Fair,F,SI1,4925
0.35,Ideal,D,SI1,601
0.91,Premium,H,VS2,3963
1.52,Premium,D,SI2,10623
0.31,Good,G,SI1,462
0.9,Premium,D,VS2,4717
0.48,Good,J,SI1,991
0.54,Ideal,E,VS1,1732
1.2,Very Good,F,VS2,9331
0.56,Ideal,D,SI1,1814
0.32,Ideal,I,VS2,576
0.3,Very Good,E,SI1,675
0.32,Premium,I,VS2,576
0.43,Ideal,H,VVS1,1298
0.37,Premium,H,VVS2,957
1.01,Very Good,G,SI2,3966
0.33,Ideal,F,VS1,738
0.41,Premium,D,SI2,795
0.38,Ideal,F,VS1,978
0.31,Ideal,D,VS2,734
0.31,Premium,D,SI1,684
0.7,Very Good,E,SI2,2273
1.21,Ideal,I,SI1,5556
1.01,Very Good,E,VS1,7039
0.39,Ideal,F,VS2,970
1.2,Premium,H,VS2,6500
0.55,Ideal,I,VS2,1216
0.59,Very Good,F,SI1,1452
0.31,Very Good,E,SI1,544
0.71,Very Good,J,VS2,1902
0.41,Ideal,E,VVS1,1431
0.32,Ideal,E,VVS2,816
0.3,Ideal,F,VS1,652
0.4,Premium,D,VS1,1200
1.0,Ideal,E,SI1,5396
0.51,Very Good,E,SI1,1357
0.4,Premium,D,SI2,666
1.55,Ideal,G,VS1,14174
1.2,Ideal,G,VVS2,11530
1.05,Ideal,G,VS1,7270
0.72,Very Good,J,VS1,1914
1.78,Premium,E,SI2,10765
1.28,Ideal,G,SI2,5995
1.1,Ideal,F,SI2,4809
1.01,Ideal,G,SI1,4004
0.6,Good,G,VS2,1793
1.2,Very Good,G,VS2,7318
1.06,Premium,G,VS2,6582
1.01,Very Good,F,SI1,5107
0.36,Ideal,F,SI1,770
0.52,Ideal,G,VVS2,1878
0.41,Premium,E,VVS2,918
1.01,Very Good,E,VS2,6787
1.01,Good,I,VS1,4016
1.34,Premium,G,SI2,6583
0.34,Very Good,F,VVS1,939
0.53,Very Good,J,SI1,1014
0.31,Ideal,E,VVS1,853
0.4,Ideal,F,VVS1,1323
1.23,Ideal,I,VS1,6435
1.55,Premium,I,VS1,10416
1.41,Good,E,VVS2,14853
0.31,Very Good,D,SI1,732
0.72,Very Good,I,VVS2,2532
0.35,Ideal,E,VS2,984
0.7,Very Good,E,VS2,2553
0.91,Very Good,E,SI1,4031
1.2,Ideal,J,VS1,5040
0.5,Premium,G,VS1,1746
1.0,Fair,E,SI2,4032
1.01,Ideal,H,SI2,5828
0.9,Ideal,G,SI1,4036
0.95,Ideal,E,VS1,5983
0.32,Ideal,E,VS1,972
0.44,Very Good,J,VS1,694
2.07,Ideal,G,SI2,17095
0.8,Very Good,H,SI2,2481
0.4,Good,I,VVS2,750
0.25,Premium,E,VVS2,576
0.54,Ideal,D,SI1,1786
1.74,Very Good,G,VS2,16169
1.02,Premium,H,SI1,4037
1.01,Ideal,G,SI2,4038
1.19,Good,I,SI1,5236
0.55,Very Good,J,VS2,1062
0.41,Premium,G,SI1,923
0.62,Very Good,I,VS2,1378
0.33,Premium,D,VS2,781
0.37,Ideal,E,VS2,811
0.42,Premium,G,VS2,1087
0.58,Fair,F,I1,893
1.01,Very Good,F,VS2,5560
0.91,Premium,D,SI2,4051
0.32,Ideal,E,VS1,707
1.05,Ideal,F,SI2,4866
1.73,Ideal,J,SI1,6927
0.37,Premium,F,SI1,791
0.52,Ideal,F,VVS2,2137
0.93,Premium,G,SI1,4062
1.63,Premium,G,SI2,9730
0.51,Premium,E,SI1,1546
0.59,Ideal,E,VS2,1789
0.35,Ideal,G,VS1,906
0.7,Very Good,I,VS2,2166
0.72,Premium,F,SI1,2364
1.01,Premium,I,SI1,4072
0.54,Premium,G,VS1,1754
0.53,Good,G,VVS2,1769
1.21,Good,I,VS2,5028
0.34,Ideal,G,SI1,607
0.46,Ideal,I,IF,1192
1.1,Premium,E,SI1,6098
1.16,Ideal,D,VS2,8185
0.63,Premium,E,SI1,1846
1.5,Premium,F,SI1,8400
0.35,Very Good,G,VVS1,921
0.9,Premium,H,VS2,4082
1.6,Premium,J,VS1,7903
0.3,Ideal,H,VVS1,665
1.27,Premium,G,SI1,7005
0.55,Ideal,D,VS2,1673
0.62,Premium,G,VS2,1841
1.05,Ideal,G,SI2,5127
0.9,Premium,E,SI1,4092
0.35,Premium,D,VS2,1063
0.9,Good,G,VS2,4093
0.36,Very Good,D,SI1,663
1.13,Premium,J,SI2,4093
1.08,Premium,J,SI1,4098
1.01,Ideal,J,SI2,4099
1.22,Fair,I,SI1,4099
0.38,Very Good,G,SI1,666
0.31,Premium,I,SI1,408
1.55,Ideal,H,VS1,12087
0.3,Ideal,J,VS1,411
0.56,Ideal,D,VS1,2026
0.27,Ideal,I,VVS2,412
0.33,Ideal,F,SI2,413
0.57,Ideal,G,VS1,1868
1.0,Good,G,VVS2,7572
0.31,Fair,E,SI1,579
0.76,Very Good,I,VS1,2601
0.33,Good,E,SI1,579
0.26,Premium,E,VVS1,599
0.33,Premium,G,VS2,579
1.07,Premium,H,VS2,4830
0.52,Premium,D,SI1,1605
0.71,Very Good,J,VVS2,2226
0.7,Ideal,E,SI1,2703
1.2,Ideal,J,VS2,4106
0.72,Very Good,G,SI1,2353
0.51,Very Good,D,SI1,1380
0.28,Very Good,E,IF,688
0.31,Ideal,I,VS1,628
1.53,Very Good,I,VS2,9802
1.2,Premium,J,SI1,4113
0.9,Premium,D,SI2,4114
1.52,Very Good,H,VVS2,11904
0.31,Ideal,I,VS2,452
1.01,Very Good,E,SI2,4118
0.74,Ideal,G,SI2,2487
0.36,Ideal,D,VS2,1094
0.32,Premium,G,VS2,720
1.07,Very Good,G,VS1,6610
1.11,Premium,I,SI2,4120
1.11,Premium,I,SI2,4120
0.41,Very Good,F,VS2,863
0.46,Ideal,D,VS2,1388
1.01,Good,D,SI2,4719
0.56,Ideal,H,VVS1,1882
1.57,Ideal,H,VS2,12004
0.34,Ideal,H,IF,863
1.5,Premium,D,SI2,8649
0.4,Ideal,J,VS1,810
1.13,Ideal,D,SI2,4854
0.56,Ideal,H,VS2,1388
0.99,Ideal,I,SI1,4763
1.53,Fair,J,VS2,6659
0.33,Good,I,VS1,521
1.11,Ideal,I,VS1,6758
1.16,Good,F,SI2,4131
1.01,Very Good,J,SI1,4133
0.7,Very Good,G,VS2,2282
0.33,Very Good,I,SI1,445
0.72,Very Good,G,SI1,2170
0.51,Very Good,H,VS2,1436
0.9,Very Good,H,VS1,4136
0.91,Premium,E,SI1,4138
0.91,Very Good,E,SI1,4138
1.5,Good,F,SI2,8820
0.23,Very Good,E,VVS2,505
2.01,Very Good,E,SI2,14813
0.34,Ideal,H,VS2,689
1.0,Premium,G,VS1,6290
0.34,Premium,F,SI2,447
1.0,Premium,D,VS1,8333
1.21,Fair,J,SI1,4147
1.14,Ideal,H,SI2,4150
0.4,Ideal,D,VS2,1050
1.02,Premium,F,SI2,4151
1.01,Premium,G,VS2,5288
0.4,Ideal,G,VVS2,931
0.33,Very Good,F,VS2,854
1.0,Good,F,SI2,4155
1.01,Ideal,G,VVS1,8647
0.59,Premium,D,VVS2,2515
0.37,Premium,G,SI1,708
0.9,Ideal,G,VVS1,5564
0.24,Ideal,D,VS1,687
0.73,Ideal,G,SI1,2278
0.92,Good,D,SI1,4158
0.25,Very Good,F,VVS2,633
1.1,Ideal,I,SI2,4158
1.7,Premium,J,SI2,7650
0.94,Premium,G,SI1,4159
0.57,Ideal,D,VS2,1998
1.24,Premium,J,VS2,5128
0.37,Ideal,G,VS2,649
0.3,Premium,H,VS1,526
0.6,Very Good,D,VS2,1984
1.51,Very Good,G,SI2,8574
0.71,Very Good,F,SI2,2147
1.01,Very Good,H,SI1,4743
1.01,Very Good,G,VS2,5696
2.14,Premium,I,SI2,15915
1.35,Premium,J,SI1,5546
0.4,Ideal,G,VS2,1010
2.04,Premium,I,VS2,17028
1.08,Very Good,F,SI2,4167
0.38,Very Good,E,SI1,640
1.0,Premium,E,VVS2,8888
0.55,Ideal,E,SI1,1675
1.01,Good,H,VS2,5166
0.57,Very Good,E,VS1,2008
0.72,Premium,E,SI1,2385
0.75,Very Good,I,VVS2,2749
0.31,Ideal,H,VVS1,846
0.71,Ideal,I,VS1,2368
0.3,Ideal,D,VS2,670
0.61,Very Good,F,SI2,1437
0.72,Ideal,E,SI1,2666
0.5,Ideal,D,SI1,1654
0.96,Very Good,E,SI2,4186
1.07,Very Good,G,VS2,6355
1.04,Good,D,SI2,4191
1.5,Ideal,I,SI1,8907
1.5,Very Good,G,VS2,12196
0.53,Premium,G,SI1,1273
0.36,Ideal,F,VVS1,1028
0.31,Premium,F,VS2,802
0.3,Premium,D,VS2,911
0.33,Ideal,F,VVS1,1021
0.91,Premium,D,VS2,5259
0.34,Ideal,G,VS1,681
0.44,Ideal,G,IF,2506
1.52,Ideal,D,SI1,14426
1.04,Very Good,G,SI2,4200
0.26,Very Good,G,VVS2,486
0.71,Ideal,G,SI1,2386
1.0,Premium,F,SI2,4200
0.7,Fair,H,VS1,2100
1.0,Very Good,F,VVS2,8467
0.78,Premium,I,SI1,2377
1.76,Very Good,G,VVS2,17888
0.41,Premium,J,VS1,830
0.41,Ideal,G,VVS1,1084
0.59,Very Good,E,VVS2,2214
1.13,Premium,H,VS2,5885
1.2,Premium,I,SI2,4838
0.42,Very Good,D,SI2,625
0.4,Ideal,F,VVS2,1351
0.9,Good,G,VS2,4210
2.0,Very Good,J,SI2,12342
1.04,Premium,G,SI1,5086
0.42,Ideal,D,VS2,1103
0.3,Ideal,F,IF,886
0.7,Good,F,SI2,1806
0.26,Ideal,H,VS1,448
0.44,Premium,E,VVS2,1274
1.57,Premium,D,SI1,11976
0.57,Ideal,G,SI2,1193
0.7,Premium,H,SI1,2020
0.33,Ideal,H,VS1,579
0.36,Ideal,G,VVS1,1053
0.33,Premium,G,VS1,854
0.52,Ideal,G,SI1,1319
0.35,Ideal,G,IF,1001
1.36,Ideal,F,VVS1,15247
0.57,Premium,D,VS1,2093
0.52,Ideal,E,VVS1,2467
0.9,Premium,F,SI1,4232
1.4,Very Good,G,VS1,11584
2.0,Good,I,VS2,16291
0.36,Ideal,D,SI2,537
0.35,Ideal,D,VS2,777
0.73,Ideal,F,SI1,2527
0.72,Fair,J,SI2,1762
0.37,Premium,E,VS2,1041
0.53,Ideal,J,SI2,856
0.7,Very Good,G,VS1,2497
1.02,Very Good,F,SI2,4241
1.01,Very Good,H,SI1,4242
0.4,Very Good,E,VVS1,1333
1.0,Premium,E,VS1,7392
0.31,Ideal,D,VVS2,982
0.3,Good,G,VVS1,789
0.55,Very Good,D,SI1,1692
1.71,Good,I,VS2,11250
0.3,Ideal,E,SI1,499
0.51,Very Good,F,VS1,1751
1.01,Ideal,H,SI1,4886
0.3,Very Good,H,VS1,675
1.7,Premium,H,VS2,12992
0.38,Premium,I,VS1,700
1.24,Very Good,G,SI1,7106
1.52,Ideal,J,VS1,8608
0.7,Ideal,J,VS1,1782
0.36,Ideal,E,VS2,1080
0.33,Very Good,D,VVS1,920
0.31,Ideal,D,VS2,734
1.04,Premium,F,VVS2,8946
0.8,Premium,G,IF,4268
0.5,Fair,H,VS2,1332
0.3,Premium,G,VVS1,789
0.74,Ideal,I,VS1,2557
0.51,Ideal,G,VVS2,1875
0.29,Ideal,H,VVS2,511
0.55,Very Good,D,VS2,1867
0.41,Good,E,VS1,1166
0.46,Ideal,E,VVS1,1816
2.01,Premium,G,VS2,17057
0.71,Ideal,I,SI1,2376
0.3,Ideal,H,VVS1,636
0.4,Premium,D,VVS2,1206
0.4,Premium,J,VS1,810
1.04,Ideal,G,VS2,6589
0.32,Very Good,F,VVS2,721
0.79,Very Good,G,SI1,2394
0.71,Very Good,H,VS2,2368
0.55,Ideal,G,SI2,1117
0.3,Premium,I,VVS2,526
0.64,Ideal,D,VVS1,4281
0.4,Very Good,F,VS1,895
0.7,Ideal,I,SI1,2083
0.53,Ideal,F,VS2,1832
0.34,Very Good,F,SI2,478
0.81,Premium,D,VS1,4284
1.13,Very Good,H,VS2,5625
1.02,Very Good,H,VS1,5977
0.3,Fair,G,VVS1,790
1.12,Ideal,H,SI1,4290
1.4,Good,G,VVS2,11519
0.3,Ideal,F,VS2,601
0.9,Very Good,D,SI1,4291
1.32,Ideal,I,VVS1,8501
0.85,Very Good,F,VS1,4293
1.51,Premium,F,SI1,11817
0.3,Ideal,H,SI1,450
0.9,Very Good,G,VS2,4296
0.41,Ideal,G,VVS2,1076
1.82,Very Good,F,SI1,14545
1.01,Very Good,E,VS2,6043
1.58,Very Good,I,SI1,8782
0.53,Very Good,D,SI1,1631
0.9,Ideal,G,VS2,4309
0.32,Ideal,F,VVS1,809
0.45,Premium,E,VS1,1282
0.25,Very Good,G,VVS1,525
0.51,Very Good,E,SI1,1343
0.54,Premium,D,VS2,1993
0.3,Ideal,D,VS2,911
1.62,Premium,F,VS1,16112
0.77,Good,E,SI2,2005
0.3,Very Good,G,IF,863
0.7,Fair,G,SI2,2117
2.02,Ideal,I,SI2,10577
1.5,Very Good,G,VVS2,12798
0.79,Premium,H,SI2,2370
0.9,Very Good,G,SI1,4320
1.21,Ideal,H,VVS2,8131
1.06,Good,E,SI2,4321
0.32,Ideal,G,SI1,477
0.7,Ideal,D,VS1,4323
1.07,Premium,G,VS2,6644
0.4,Ideal,E,VS2,975
0.9,Premium,H,I1,1939
0.7,Very Good,F,SI1,2401
0.3,Premium,G,VVS1,945
1.51,Ideal,H,VS2,12219
0.5,Ideal,H,SI2,964
0.51,Ideal,D,VS2,1787
1.51,Very Good,I,SI2,6630
0.9,Very Good,H,VS2,4328
0.31,Ideal,D,VS2,852
0.42,Ideal,G,VVS2,938
0.32,Ideal,E,VVS2,779
1.39,Premium,H,VS2,7006
0.71,Ideal,E,SI1,2308
0.35,Very Good,G,VS1,706
1.02,Very Good,H,VS2,5565
0.31,Good,G,VS1,625
0.4,Very Good,E,VS1,1053
0.51,Ideal,G,VVS2,1875
0.95,Premium,D,SI2,4341
1.23,Ideal,G,VVS2,9921
0.92,Premium,D,SI1,4350
0.3,Premium,D,SI1,552
1.02,Ideal,H,SI2,4353
1.05,Premium,F,SI2,4354
1.0,Very Good,G,VS2,5860
2.0,Fair,J,VS2,11966
0.42,Ideal,D,VS2,1031
0.32,Ideal,F,VVS1,867
0.4,Premium,D,VS2,1050
0.43,Very Good,E,SI1,948
0.82,Ideal,I,VS1,2557
1.11,Ideal,I,SI1,4771
1.2,Fair,H,SI2,4368
1.54,Ideal,H,VVS2,12061
0.41,Very Good,E,SI1,969
1.24,Very Good,J,SI1,5045
0.55,Ideal,E,VVS1,2609
0.9,Good,F,VS2,4370
1.02,Premium,G,SI2,4370
0.51,Ideal,F,VS1,1744
0.59,Premium,E,VS2,1641
0.3,Good,E,SI1,526
1.0,Ideal,F,SI2,4372
0.31,Ideal,J,VS1,429
0.54,Ideal,F,VS2,1662
1.0,Good,F,VS2,6037
0.31,Ideal,F,SI1,516
0.5,Ideal,H,VS2,1332
1.59,Ideal,I,SI1,8835
0.9,Fair,H,SI2,2138
0.71,Premium,I,VS2,2362
0.41,Ideal,E,SI2,876
0.5,Premium,F,SI2,1031
0.34,Good,F,SI2,447
0.54,Ideal,H,VS1,1637
0.3,Very Good,I,VS1,608
0.81,Very Good,I,VS2,2444
2.07,Good,I,VS2,15119
0.4,Premium,F,VS1,1050
1.36,Very Good,H,SI2,6279
1.2,Ideal,I,IF,7367
2.09,Ideal,G,VS2,17051
1.0,Very Good,E,SI2,4390
0.43,Premium,D,SI1,993
1.51,Very Good,G,VS2,12551
1.21,Premium,J,SI1,4391
0.4,Ideal,E,VVS2,1238
1.25,Premium,G,VS1,8736
0.36,Ideal,D,SI1,663
0.67,Very Good,F,VS2,2171
1.01,Premium,G,SI1,4395
1.0,Premium,G,SI1,4816
0.77,Premium,G,SI2,2391
0.7,Premium,H,I1,1621
0.33,Ideal,D,VS1,978
0.4,Premium,F,VS1,1050
0.9,Very Good,G,VS2,4400
0.3,Ideal,F,VVS2,684
2.3,Ideal,J,VS2,16062
0.32,Ideal,F,VS2,828
0.35,Ideal,F,SI1,583
0.3,Ideal,F,VS2,601
0.27,Ideal,H,VS1,480
0.5,Premium,D,VS2,1819
1.5,Good,I,SI2,6731
1.1,Premium,F,SI1,5821
1.65,Ideal,I,VS2,12495
0.46,Good,G,VS1,1179
1.02,Very Good,E,SI2,4404
0.55,Good,J,VS1,969
1.15,Premium,I,SI1,4939
0.23,Very Good,E,VVS1,530
1.03,Very Good,H,SI1,4406
0.42,Ideal,D,SI1,761
1.25,Premium,J,SI2,4410
0.3,Ideal,H,VVS2,605
1.01,Premium,H,VS2,4412
0.94,Premium,D,SI1,4817
1.01,Premium,F,VS1,7982
1.01,Ideal,I,SI1,4413
1.32,Ideal,J,VS1,5808
1.02,Good,E,SI2,4414
0.7,Good,E,SI1,2239
0.56,Very Good,E,SI2,1259
0.3,Premium,F,SI2,506
0.3,Ideal,F,IF,886
0.9,Very Good,E,VS2,4419
1.21,Premium,H,SI1,6640
0.42,Ideal,F,VS2,872
0.71,Fair,D,VS2,2368
0.9,Premium,G,VS2,4424
1.5,Premium,E,SI2,8064
1.0,Premium,G,SI1,4427
1.0,Good,D,SI2,4427
0.31,Good,F,VS2,744
2.1,Good,I,SI2,11818
1.1,Ideal,F,VS2,7658
0.42,Ideal,G,VS1,1055
0.25,Ideal,E,VVS2,633
0.3,Premium,G,VVS1,789
0.59,Ideal,E,SI1,1607
1.0,Very Good,D,SI1,5005
0.7,Fair,H,SI1,1840
1.4,Very Good,F,VS2,10790
0.32,Premium,H,VS2,648
0.61,Good,H,VVS2,1976
0.52,Premium,D,VS2,1822
0.35,Good,H,VS2,709
2.06,Ideal,I,SI2,10728
2.0,Premium,E,SI2,15984
1.01,Premium,E,SI1,5515
0.32,Good,G,VS1,645
1.02,Good,E,SI1,4443
0.36,Ideal,I,VS2,523
0.57,Ideal,F,VS2,1869
0.56,Ideal,I,VS1,1406
0.3,Very Good,H,VS2,473
1.02,Premium,G,SI1,4449
0.71,Ideal,H,VS1,2559
0.85,Premium,F,VVS2,4451
0.82,Premium,G,SI2,2512
1.0,Ideal,F,SI2,4452
1.53,Very Good,G,VS2,13248
1.34,Premium,E,IF,17663
1.02,Ideal,I,SI1,4455
0.35,Good,E,SI2,454
0.53,Ideal,E,SI1,1564
1.03,Ideal,I,SI1,4458
0.71,Ideal,I,VS1,2557
0.32,Premium,H,VS1,524
0.35,Ideal,E,VS2,984
0.23,Ideal,E,VS1,586
0.35,Good,I,SI1,472
1.51,Good,F,VS2,8794
1.23,Very Good,H,SI1,5665
0.9,Premium,E,SI1,4463
0.31,Ideal,F,SI1,707
0.31,Ideal,G,VVS2,907
0.32,Premium,H,VS2,505
0.91,Very Good,D,SI1,4466
0.3,Ideal,H,VVS2,590
1.7,Ideal,H,VS2,11605
0.31,Ideal,D,VS1,877
1.51,Premium,E,SI2,9302
0.3,Very Good,F,VS2,725
0.34,Good,E,VS2,816
0.55,Ideal,H,SI2,959
1.0,Ideal,H,SI1,4469
0.72,Very Good,E,SI1,2578
0.33,Ideal,I,IF,694
1.24,Ideal,G,IF,13178
1.07,Very Good,G,SI1,4861
1.5,Ideal,H,VS2,10920
1.5,Good,J,SI2,6306
0.5,Premium,E,I1,840
0.3,Premium,I,VS1,473
2.26,Ideal,I,SI1,16904
0.38,Ideal,F,IF,1193
1.02,Ideal,E,SI2,4478
0.3,Ideal,D,VS2,710
0.38,Premium,H,SI1,812
1.02,Ideal,E,VS1,8011
1.38,Premium,G,SI2,6779
0.5,Premium,H,SI1,1219
0.31,Premium,F,VS2,802
1.5,Premium,D,SI1,13445
1.14,Ideal,J,VS1,5339
0.9,Premium,G,VVS2,4486
0.38,Very Good,I,VVS1,752
0.92,Very Good,D,VS1,7544
1.51,Premium,E,VS2,14844
0.32,Premium,D,VS2,758
1.0,Very Good,E,SI1,4864
1.0,Very Good,H,SI2,4496
0.91,Premium,F,VS2,4979
0.62,Premium,J,VS2,1253
1.01,Premium,F,SI2,4497
0.35,Ideal,F,VVS2,956
0.3,Premium,D,VS2,911
1.03,Premium,F,SI2,4503
1.03,Very Good,F,SI2,4503
1.01,Very Good,G,VS1,7179
1.01,Premium,E,VS1,7821
1.04,Ideal,H,VS1,5577
1.0,Good,H,SI1,4510
1.02,Premium,G,SI1,5255
1.51,Good,E,SI1,11487
1.34,Ideal,D,I1,6303
0.5,Premium,G,VS1,1629
0.52,Ideal,E,VS2,1815
0.57,Very Good,G,VS1,1648
2.0,Good,I,SI1,15072
1.71,Premium,G,VS1,17197
0.53,Premium,E,VS1,1950
0.39,Very Good,H,SI2,588
1.0,Ideal,E,SI1,5555
0.42,Ideal,G,VVS1,1245
0.38,Ideal,J,VS2,532
0.54,Ideal,F,SI2,1065
2.01,Good,I,SI1,13464
0.31,Good,E,SI1,544
1.18,Premium,G,VVS2,9188
1.01,Ideal,G,SI1,5576
0.35,Premium,H,SI1,630
2.05,Good,G,I1,7026
2.28,Very Good,H,SI2,12907
0.6,Premium,E,SI1,1698
1.08,Ideal,H,SI2,4536
1.86,Premium,H,SI2,11520
1.2,Very Good,G,VS1,8577
0.31,Ideal,E,VS2,872
0.42,Ideal,F,VS1,985
0.39,Ideal,H,IF,1039
1.06,Premium,G,VVS1,8170
0.55,Ideal,D,VS2,1645
1.02,Premium,H,VS2,5100
0.31,Ideal,F,VVS1,840
1.02,Ideal,H,VVS2,6797
0.71,Very Good,G,SI1,2206
0.31,Very Good,G,SI2,523
0.4,Premium,E,SI1,945
1.18,Premium,I,SI2,4555
0.7,Premium,D,SI2,2562
1.0,Premium,F,SI1,5292
1.01,Very Good,H,SI1,4559
1.03,Ideal,E,SI1,5234
0.32,Ideal,H,VS2,523
0.3,Very Good,E,VVS1,995
0.97,Premium,F,SI1,4561
1.2,Ideal,G,VS2,8414
0.46,Very Good,E,VS2,1245
0.51,Very Good,H,VS1,1628
1.12,Very Good,G,SI1,5088
0.9,Very Good,G,VVS2,4565
0.58,Ideal,H,VVS1,2006
1.01,Premium,F,VS2,7277
0.5,Ideal,D,VS2,1690
1.22,Premium,I,SI1,5602
1.32,Good,J,SI1,4573
0.32,Ideal,F,VS1,876
0.31,Premium,E,VS2,872
0.33,Ideal,D,VS2,1002
1.07,Ideal,G,VS2,6324
0.9,Ideal,D,SI1,4579
1.0,Very Good,E,SI2,4579
2.31,Premium,J,SI1,15323
0.31,Premium,F,VVS1,982
0.3,Premium,H,VS1,526
1.05,Ideal,H,SI1,4937
1.01,Ideal,E,VS2,7288
0.42,Ideal,H,SI1,700
0.34,Premium,I,VVS2,765
0.51,Premium,E,VS2,1781
0.32,Ideal,G,VVS2,936
0.3,Ideal,G,VVS1,789
0.41,Premium,F,VS2,1107
0.51,Ideal,F,VS2,1687
1.21,Premium,I,SI1,5556
0.51,Very Good,G,VS2,1438
1.01,Premium,G,VVS2,6968
0.36,Ideal,E,VVS2,998
0.51,Very Good,D,VS2,1787
0.7,Premium,J,VS1,1657
0.27,Ideal,H,VS2,451
1.33,Premium,H,SI1,7171
1.65,Premium,D,SI2,11712
1.5,Fair,H,SI1,7211
1.0,Very Good,D,SI2,4595
1.61,Premium,F,SI1,8024
0.9,Very Good,G,VS2,4600
0.9,Good,D,VS2,4601
0.28,Ideal,F,VVS2,787
0.3,Fair,E,VS2,630
0.9,Good,H,SI1,2732
0.31,Premium,D,VS2,636
0.5,Ideal,F,SI1,1304
0.41,Ideal,G,VS2,827
1.5,Premium,E,SI2,10080
0.56,Ideal,G,VVS1,2055
0.42,Ideal,D,SI1,810
0.34,Very Good,G,VS1,880
1.0,Very Good,E,SI1,5351
1.22,Ideal,I,SI2,4612
1.04,Ideal,E,SI2,5531
0.71,Premium,D,VS2,2683
0.71,Premium,I,SI1,1774
1.01,Good,E,SI1,4619
0.72,Ideal,G,SI1,2548
0.31,Premium,D,VS2,734
0.33,Premium,E,SI1,693
2.01,Very Good,J,SI2,10490
0.39,Premium,G,SI1,878
0.42,Very Good,G,VS2,847
0.32,Ideal,H,VS1,720
1.08,Premium,G,SI2,4627
1.0,Very Good,D,SI2,4628
1.01,Very Good,D,SI1,5832
1.09,Very Good,F,SI2,4629
1.0,Very Good,H,VS2,5883
0.4,Very Good,E,SI1,694
0.54,Ideal,E,SI1,1422
1.28,Premium,J,SI2,4636
0.71,Ideal,H,SI2,2122
0.7,Very Good,G,VS1,2473
1.43,Ideal,H,VS1,11498
1.21,Very Good,G,SI1,4637
1.01,Ideal,I,SI1,4641
1.12,Premium,H,SI1,4641
0.33,Ideal,E,IF,1207
0.42,Ideal,G,VVS1,1179
0.5,Very Good,G,VS2,1351
1.13,Premium,J,VS1,4873
1.01,Premium,H,SI1,4642
2.01,Fair,I,VS2,15729
1.01,Very Good,E,VS2,6310
1.0,Good,E,SI1,4646
0.34,Very Good,D,VS1,725
0.7,Good,H,VVS2,2611
0.34,Ideal,H,VVS2,880
1.09,Premium,H,SI1,5706
0.32,Ideal,D,SI1,589
0.72,Ideal,E,SI2,2337
1.01,Very Good,E,VS2,7290
0.31,Ideal,I,VS2,447
1.24,Premium,I,SI1,5208
0.5,Very Good,D,VS2,1565
1.2,Good,J,SI2,4659
1.27,Premium,J,SI2,4660
1.2,Very Good,F,VS1,9574
0.95,Very Good,G,VS1,5572
1.03,Ideal,G,VS2,6645
0.31,Premium,F,VS2,802
1.05,Premium,H,SI1,5228
0.55,Very Good,E,SI1,1406
0.7,Premium,G,VVS2,2737
0.28,Ideal,G,SI1,430
0.3,Very Good,G,VS1,605
1.01,Ideal,E,SI2,4666
1.02,Premium,H,VS2,5312
1.11,Ideal,I,VS1,5152
1.5,Premium,G,SI2,7098
0.91,Very Good,E,SI2,4668
0.7,Good,E,SI2,1860
0.4,Ideal,E,SI1,945
0.54,Ideal,I,VVS1,1681
0.33,Ideal,G,IF,946
0.24,Very Good,F,VS2,419
1.35,Premium,H,SI1,7673
0.3,Premium,H,VS2,608
0.44,Ideal,G,VVS1,1207
0.7,Premium,E,SI1,2753
2.0,Premium,J,I1,5051
0.4,Premium,E,IF,1580
0.7,Very Good,D,SI1,2563
0.52,Premium,F,I1,870
1.0,Premium,F,SI1,5292
1.0,Very Good,H,VS2,4978
1.0,Fair,F,SI1,4679
0.51,Ideal,F,SI1,1322
0.56,Premium,F,VS2,1778
0.43,Ideal,D,SI2,716
0.95,Premium,F,SI1,4682
1.05,Premium,H,SI1,4682
1.05,Very Good,I,SI1,4688
1.15,Premium,E,SI2,4688
1.13,Premium,H,SI1,4689
0.24,Very Good,E,VVS1,478
1.01,Very Good,D,SI2,4690
1.01,Very Good,G,VVS2,6257
0.41,Premium,G,SI1,923
0.43,Ideal,E,VS2,1048
0.57,Very Good,F,VS1,1871
1.01,Ideal,G,SI1,4694
0.75,Very Good,D,SI2,2618
0.36,Ideal,E,VS1,852
1.01,Very Good,F,VS1,6999
0.6,Ideal,F,VS2,1970
1.0,Very Good,E,SI2,4704
1.14,Premium,H,SI1,4948
1.24,Premium,D,SI2,5311
